id,customername,state,city,created_on,date_of_birth,updated_on,email,gender
1,Mala Patel,Tamil Nadu,Chennai,null,09-01-1976,null,mala.patel@outlook.com,f
2,Ekta Gupta,Maharashtra,Mumbai,27-01-2019,26-11-1994,27-01-2019,ekta.gupta@outlook.com,m
3,Arjun Patel,Madhya Pradesh,Indore,01-10-2021,15-11-1954,01-10-2021,arjun.patel@outlook.com,m
4,Sai Sagar,Karnataka,null,20-11-2023,13-07-2001,20-11-2023,sai.sagar@yahoo.com,f
5,Reyansh Verma,Tamil Nadu,Chennai,05-09-2021,08-07-1954,05-09-2021,reyansh.verma@gmail.com,f
6,Aditya Chauhan,Maharashtra,Pune,null,03-02-1962,null,aditya.chauhan@gmail.com,m
7,Aarav Jain,Rajasthan,Jaipur,05-04-2021,null,05-04-2021,null,f
8,Vivaan Sagar,null,Indore,05-02-2023,15-11-1993,05-02-2023,vivaan.sagar@gmail.com,f
9,Aarav Chauhan,Madhya Pradesh,Indore,06-12-2022,04-11-1965,06-12-2022,aarav.chauhan@outlook.com,f
10,Ekta Sharma,Uttar Pradesh,Lucknow,12-04-2019,01-05-1957,12-04-2019,ekta.sharma@gmail.com,m
11,Ayaan Sharma,Rajasthan,Jaipur,10-07-2022,null,10-07-2022,ayaan.sharma@yahoo.com,m
12,Aarav Pratap,Delhi,New Delhi,09-11-2019,20-12-1950,09-11-2019,aarav.pratap@outlook.com,m
13,Bhutekar Patel,Karnataka,Bangalore,30-07-2022,21-09-1976,30-07-2022,bhutekar.patel@outlook.com,m
14,Anudeep Reddy,Karnataka,Bangalore,15-11-2022,16-09-1999,15-11-2022,anudeep.reddy@yahoo.com,f
15,null,Gujarat,Ahmedabad,01-07-2022,17-11-1956,01-07-2022,null@outlook.com,m
16,Bhutekar Pratap,Delhi,New Delhi,17-06-2018,13-05-1953,17-06-2018,bhutekar.pratap@yahoo.com,f
17,Shakshi Verma,Nagaland,null,21-07-2022,10-04-1990,21-07-2022,shakshi.verma@yahoo.com,f
18,Arjun Verma,Rajasthan,Jaipur,null,01-02-1984,null,arjun.verma@outlook.com,m
19,Aditya Reddy,Maharashtra,Pune,18-08-2020,25-10-1969,18-08-2020,null,m
20,Sai Mehta,West Bengal,Kolkata,27-11-2018,28-04-1966,27-11-2018,sai.mehta@outlook.com,m
21,Vihaan Patel,Madhya Pradesh,Indore,29-07-2020,04-05-2001,29-07-2020,vihaan.patel@yahoo.com,f
22,Mala Patel,Uttar Pradesh,Lucknow,10-10-2023,null,10-10-2023,mala.patel@outlook.com,null
23,Shakshi Sharma,Rajasthan,Jaipur,26-05-2019,06-02-1981,26-05-2019,shakshi.sharma@outlook.com,null
24,Anudeep Mehta,Uttar Pradesh,Lucknow,null,19-11-1998,null,anudeep.mehta@outlook.com,m
25,Mala Jain,Nagaland,Kohima,23-02-2023,null,23-02-2023,mala.jain@yahoo.com,m
26,Ekta Chauhan,Delhi,New Delhi,02-05-2023,18-04-1953,02-05-2023,ekta.chauhan@yahoo.com,m
27,Reyansh Patel,Nagaland,Kohima,10-10-2022,23-07-1997,10-10-2022,reyansh.patel@gmail.com,f
28,null,Maharashtra,Pune,24-07-2021,23-06-1957,24-07-2021,null@outlook.com,m
29,Mala Nair,Delhi,New Delhi,28-11-2018,02-10-1995,28-11-2018,mala.nair@outlook.com,null
30,Aarav Mehta,Delhi,New Delhi,29-07-2020,04-08-1959,29-07-2020,aarav.mehta@gmail.com,f
31,Vivaan Verma,Gujarat,Ahmedabad,05-12-2020,12-03-1971,05-12-2020,vivaan.verma@yahoo.com,m
32,Arjun Patel,Madhya Pradesh,Indore,09-07-2021,06-12-2003,09-07-2021,arjun.patel@yahoo.com,null
33,Aditya Reddy,Delhi,New Delhi,05-05-2021,08-07-2003,05-05-2021,aditya.reddy@outlook.com,m
34,Mala Patel,null,Ahmedabad,17-07-2021,14-09-1996,17-07-2021,mala.patel@outlook.com,null
35,null,Madhya Pradesh,Indore,null,null,null,null@gmail.com,m
36,Anudeep Verma,Gujarat,Ahmedabad,29-11-2023,22-12-1997,29-11-2023,anudeep.verma@outlook.com,null
37,Shakshi Mehta,Maharashtra,Pune,30-08-2019,null,30-08-2019,shakshi.mehta@yahoo.com,f
38,Ayaan Pratap,West Bengal,Kolkata,02-08-2019,11-02-1969,02-08-2019,ayaan.pratap@gmail.com,m
39,Ayaan Pratap,Karnataka,Bangalore,28-06-2019,07-06-1978,28-06-2019,ayaan.pratap@gmail.com,f
40,Vivaan Sharma,Uttar Pradesh,null,28-06-2019,05-05-1990,28-06-2019,vivaan.sharma@gmail.com,f
41,null,Maharashtra,Mumbai,25-03-2023,11-03-1967,25-03-2023,null@outlook.com,m
42,Mala Sagar,Delhi,null,17-07-2018,16-07-1996,17-07-2018,mala.sagar@outlook.com,f
43,Aarav Jain,West Bengal,Kolkata,21-08-2022,30-09-1964,21-08-2022,aarav.jain@gmail.com,m
44,Arjun Nair,Delhi,New Delhi,21-05-2018,17-01-1972,21-05-2018,arjun.nair@yahoo.com,m
45,Bhutekar Nair,Madhya Pradesh,Indore,19-12-2021,null,19-12-2021,bhutekar.nair@outlook.com,f
46,Vihaan Sharma,Gujarat,Ahmedabad,03-03-2018,03-05-1997,03-03-2018,null,f
47,Arjun Jain,Rajasthan,Jaipur,05-07-2018,30-03-1996,05-07-2018,arjun.jain@gmail.com,f
48,Aditya Pratap,West Bengal,Kolkata,12-07-2019,13-01-2005,12-07-2019,aditya.pratap@outlook.com,f
49,Arjun Sharma,Gujarat,null,15-09-2021,14-02-1983,15-09-2021,arjun.sharma@gmail.com,m
50,Reyansh Jain,Nagaland,Kohima,01-12-2022,06-11-2000,01-12-2022,reyansh.jain@yahoo.com,m
51,Mala Patel,Karnataka,Bangalore,15-12-2019,28-02-1958,15-12-2019,mala.patel@outlook.com,f
52,Bhutekar Reddy,Maharashtra,Pune,13-04-2018,26-06-2003,13-04-2018,bhutekar.reddy@gmail.com,m
53,Ayaan Sagar,Maharashtra,null,08-04-2019,03-06-1972,08-04-2019,ayaan.sagar@gmail.com,m
54,Sai Chauhan,Delhi,New Delhi,25-08-2022,20-05-1970,25-08-2022,sai.chauhan@outlook.com,null
55,Shakshi Verma,West Bengal,Kolkata,18-06-2019,25-06-1954,18-06-2019,shakshi.verma@gmail.com,f
56,Mala Chauhan,Tamil Nadu,Chennai,05-03-2020,27-08-1980,05-03-2020,mala.chauhan@gmail.com,f
57,Shakshi Reddy,Madhya Pradesh,Indore,null,11-09-1976,null,shakshi.reddy@outlook.com,f
58,Aarav Mehta,Gujarat,Ahmedabad,02-03-2021,01-03-1964,02-03-2021,aarav.mehta@gmail.com,f
59,Mala Pratap,West Bengal,Kolkata,11-07-2019,06-12-1952,11-07-2019,null,f
60,Reyansh Chauhan,Madhya Pradesh,Indore,21-11-2021,19-08-1974,21-11-2021,reyansh.chauhan@gmail.com,m
61,Sai Mehta,Uttar Pradesh,Lucknow,16-02-2022,27-10-1978,16-02-2022,sai.mehta@gmail.com,m
62,Shakshi Patel,null,Indore,null,14-04-1954,null,null,f
63,null,null,Jaipur,30-12-2019,20-08-1969,30-12-2019,null@outlook.com,f
64,Arjun Sagar,Rajasthan,Jaipur,21-10-2018,13-12-1967,21-10-2018,arjun.sagar@yahoo.com,m
65,Vihaan Patel,West Bengal,null,06-07-2021,19-05-1966,06-07-2021,vihaan.patel@yahoo.com,null
66,Ayaan Sharma,Nagaland,Kohima,01-11-2019,06-09-1978,01-11-2019,ayaan.sharma@outlook.com,m
67,Sai Chauhan,Nagaland,Kohima,08-10-2020,04-09-2000,08-10-2020,sai.chauhan@gmail.com,f
68,Mala Jain,Madhya Pradesh,Indore,06-03-2022,23-10-1964,06-03-2022,mala.jain@yahoo.com,null
69,Aarav Sagar,Maharashtra,Mumbai,24-12-2023,13-03-1983,24-12-2023,aarav.sagar@outlook.com,m
70,Reyansh Mehta,Gujarat,Ahmedabad,22-09-2023,19-06-1997,22-09-2023,reyansh.mehta@gmail.com,f
71,Mala Gupta,Rajasthan,Jaipur,26-08-2019,null,26-08-2019,mala.gupta@gmail.com,f
72,Reyansh Sagar,Nagaland,Kohima,25-09-2021,17-07-1958,25-09-2021,reyansh.sagar@gmail.com,f
73,Shakshi Pratap,Uttar Pradesh,Lucknow,05-06-2021,09-01-1958,05-06-2021,shakshi.pratap@gmail.com,m
74,Sai Sharma,Madhya Pradesh,Indore,null,15-12-1990,null,sai.sharma@gmail.com,m
75,Aarav Nair,Uttar Pradesh,Lucknow,12-03-2020,08-03-1981,12-03-2020,null,f
76,Vihaan Verma,null,Indore,null,11-09-1969,null,vihaan.verma@outlook.com,f
77,Sai Nair,Delhi,New Delhi,04-01-2022,10-03-1982,04-01-2022,sai.nair@gmail.com,f
78,Ekta Sagar,Maharashtra,Mumbai,22-07-2023,20-01-1982,22-07-2023,ekta.sagar@yahoo.com,f
79,Aarav Pratap,Maharashtra,Mumbai,14-08-2021,null,14-08-2021,aarav.pratap@gmail.com,null
80,Ekta Reddy,Karnataka,null,30-11-2021,04-01-1992,30-11-2021,ekta.reddy@yahoo.com,f
81,Mala Sagar,null,Jaipur,23-06-2020,17-10-1967,23-06-2020,null,m
82,Aditya Pratap,Delhi,New Delhi,25-01-2018,28-01-2001,25-01-2018,aditya.pratap@yahoo.com,f
83,Aditya Verma,Madhya Pradesh,null,12-12-2019,03-10-1959,12-12-2019,null,m
84,Aarav Jain,Tamil Nadu,Chennai,18-03-2020,null,18-03-2020,aarav.jain@yahoo.com,m
85,Vivaan Sharma,Madhya Pradesh,Indore,12-06-2022,11-03-1976,12-06-2022,vivaan.sharma@yahoo.com,f
86,Reyansh Patel,Tamil Nadu,Chennai,05-11-2023,16-04-1966,05-11-2023,reyansh.patel@gmail.com,f
87,null,Maharashtra,Mumbai,01-04-2022,20-05-1983,01-04-2022,null@yahoo.com,f
88,Shakshi Chauhan,Gujarat,Ahmedabad,06-12-2020,31-10-1973,06-12-2020,shakshi.chauhan@gmail.com,f
89,Anudeep Chauhan,Delhi,New Delhi,20-06-2021,26-08-1952,20-06-2021,anudeep.chauhan@yahoo.com,m
90,Vihaan Sagar,Karnataka,Bangalore,25-01-2018,06-12-2001,25-01-2018,vihaan.sagar@gmail.com,m
91,Mala Chauhan,Uttar Pradesh,Lucknow,23-02-2022,null,23-02-2022,mala.chauhan@outlook.com,m
92,Ekta Verma,Karnataka,Bangalore,03-12-2019,24-06-1971,03-12-2019,ekta.verma@gmail.com,m
93,Vivaan Sharma,Madhya Pradesh,Indore,03-06-2019,27-11-1965,03-06-2019,vivaan.sharma@yahoo.com,f
94,Shakshi Mehta,Uttar Pradesh,Lucknow,02-11-2018,03-04-1987,02-11-2018,shakshi.mehta@gmail.com,m
95,Shakshi Chauhan,Nagaland,Kohima,29-11-2020,17-12-1998,29-11-2020,shakshi.chauhan@yahoo.com,f
96,Ayaan Pratap,Karnataka,Bangalore,03-01-2022,27-09-1972,03-01-2022,ayaan.pratap@outlook.com,f
97,Mala Sagar,Maharashtra,Pune,null,08-10-1994,null,null,null
98,Ayaan Reddy,Delhi,New Delhi,null,30-10-1974,null,ayaan.reddy@gmail.com,f
99,Ekta Patel,Madhya Pradesh,Indore,07-09-2018,13-06-1983,07-09-2018,ekta.patel@yahoo.com,f
100,Vivaan Chauhan,Delhi,New Delhi,19-01-2018,30-01-1967,19-01-2018,null,f
101,Anudeep Jain,Madhya Pradesh,Indore,27-12-2023,04-06-1979,27-12-2023,anudeep.jain@yahoo.com,f
102,Shakshi Sagar,Maharashtra,Pune,10-04-2022,28-01-1996,10-04-2022,shakshi.sagar@gmail.com,f
103,Ekta Sharma,West Bengal,Kolkata,null,28-10-1998,null,ekta.sharma@yahoo.com,f
104,Vivaan Verma,null,New Delhi,null,11-06-1969,null,vivaan.verma@yahoo.com,f
105,Mala Sharma,Delhi,New Delhi,null,29-01-1991,null,mala.sharma@outlook.com,m
106,Vihaan Pratap,Nagaland,Kohima,23-03-2018,30-07-1952,23-03-2018,vihaan.pratap@outlook.com,m
107,Aarav Mehta,Nagaland,Kohima,28-01-2018,29-06-1997,28-01-2018,null,m
108,Arjun Verma,Tamil Nadu,Chennai,25-05-2020,17-07-2000,25-05-2020,arjun.verma@yahoo.com,f
109,Anudeep Patel,Nagaland,Kohima,05-02-2022,07-09-1953,05-02-2022,anudeep.patel@gmail.com,m
110,null,Rajasthan,Jaipur,24-01-2019,02-03-1989,24-01-2019,null@outlook.com,f
111,Vivaan Jain,Karnataka,Bangalore,04-01-2018,13-02-1994,04-01-2018,vivaan.jain@yahoo.com,m
112,Arjun Pratap,West Bengal,Kolkata,25-03-2021,07-10-2003,25-03-2021,arjun.pratap@yahoo.com,null
113,Ekta Patel,Rajasthan,Jaipur,07-03-2019,12-08-1956,07-03-2019,ekta.patel@yahoo.com,f
114,Sai Chauhan,Gujarat,Ahmedabad,null,13-09-1992,null,sai.chauhan@yahoo.com,m
115,Vivaan Reddy,Nagaland,Kohima,null,04-04-1980,null,vivaan.reddy@gmail.com,m
116,Aditya Pratap,Uttar Pradesh,Lucknow,null,31-05-2003,null,aditya.pratap@gmail.com,null
117,Vivaan Nair,Karnataka,Bangalore,07-08-2019,15-06-1961,07-08-2019,vivaan.nair@outlook.com,m
118,Reyansh Nair,null,New Delhi,29-05-2023,13-12-1991,29-05-2023,reyansh.nair@outlook.com,m
119,Vihaan Verma,Nagaland,Kohima,17-02-2020,null,17-02-2020,vihaan.verma@yahoo.com,f
120,Ayaan Pratap,West Bengal,Kolkata,07-06-2022,17-12-1990,07-06-2022,ayaan.pratap@yahoo.com,m
121,Aarav Pratap,Tamil Nadu,Chennai,06-06-2020,30-10-1951,06-06-2020,aarav.pratap@yahoo.com,m
122,Vivaan Verma,Madhya Pradesh,Indore,27-10-2023,07-04-1971,27-10-2023,vivaan.verma@gmail.com,m
123,Vivaan Sagar,Madhya Pradesh,Indore,16-02-2018,07-09-1983,16-02-2018,vivaan.sagar@gmail.com,f
124,Mala Verma,Nagaland,Kohima,04-12-2022,13-03-1963,04-12-2022,mala.verma@yahoo.com,f
125,Reyansh Patel,West Bengal,Kolkata,26-01-2023,23-12-1990,26-01-2023,reyansh.patel@gmail.com,null
126,Ekta Verma,Tamil Nadu,Chennai,04-10-2018,01-05-1969,04-10-2018,ekta.verma@outlook.com,f
127,Shakshi Pratap,Karnataka,Bangalore,08-05-2020,25-04-1977,08-05-2020,shakshi.pratap@outlook.com,f
128,Vivaan Pratap,Delhi,New Delhi,08-12-2018,22-12-1968,08-12-2018,vivaan.pratap@yahoo.com,f
129,Anudeep Patel,Delhi,New Delhi,28-12-2022,26-12-2000,28-12-2022,anudeep.patel@yahoo.com,m
130,Vivaan Sagar,Madhya Pradesh,Indore,null,15-03-1970,null,vivaan.sagar@gmail.com,m
131,Bhutekar Reddy,Madhya Pradesh,Indore,21-01-2019,29-12-1982,21-01-2019,null,m
132,Reyansh Pratap,Delhi,New Delhi,30-08-2018,11-09-1984,30-08-2018,reyansh.pratap@yahoo.com,m
133,Aarav Chauhan,null,null,22-03-2019,02-10-1996,22-03-2019,aarav.chauhan@yahoo.com,null
134,Ayaan Reddy,null,Chennai,11-08-2018,12-06-1996,11-08-2018,ayaan.reddy@outlook.com,m
135,Mala Patel,Rajasthan,Jaipur,06-07-2022,14-03-1996,06-07-2022,mala.patel@gmail.com,m
136,Mala Sagar,Rajasthan,Jaipur,07-03-2018,03-04-1958,07-03-2018,mala.sagar@gmail.com,m
137,Shakshi Mehta,West Bengal,Kolkata,24-07-2022,17-12-1984,24-07-2022,null,f
138,Aarav Nair,Uttar Pradesh,null,27-04-2018,12-01-1952,27-04-2018,aarav.nair@gmail.com,m
139,Ekta Sharma,Uttar Pradesh,Lucknow,06-07-2018,null,06-07-2018,ekta.sharma@gmail.com,m
140,Anudeep Pratap,Delhi,New Delhi,05-02-2022,26-09-1969,05-02-2022,anudeep.pratap@gmail.com,m
141,Ekta Pratap,Rajasthan,Jaipur,23-01-2019,23-03-1950,23-01-2019,ekta.pratap@yahoo.com,f
142,Bhutekar Pratap,Maharashtra,Pune,27-11-2021,07-08-1972,27-11-2021,bhutekar.pratap@gmail.com,m
143,Ekta Nair,null,Jaipur,05-01-2018,21-04-1952,05-01-2018,null,f
144,Bhutekar Reddy,Karnataka,Bangalore,15-11-2021,26-05-1954,15-11-2021,bhutekar.reddy@gmail.com,f
145,Aarav Mehta,Madhya Pradesh,Indore,19-04-2019,01-03-1963,19-04-2019,aarav.mehta@gmail.com,f
146,Reyansh Sagar,null,Lucknow,null,19-08-1983,null,reyansh.sagar@outlook.com,m
147,Aarav Gupta,Gujarat,Ahmedabad,02-09-2021,01-11-1961,02-09-2021,aarav.gupta@yahoo.com,m
148,Aditya Reddy,Uttar Pradesh,Lucknow,04-04-2020,17-08-1981,04-04-2020,aditya.reddy@yahoo.com,m
149,Shakshi Pratap,Uttar Pradesh,Lucknow,29-10-2020,03-10-2000,29-10-2020,shakshi.pratap@outlook.com,f
150,Sai Chauhan,Rajasthan,Jaipur,22-08-2022,null,22-08-2022,sai.chauhan@gmail.com,f
151,Mala Patel,null,Ahmedabad,14-04-2023,31-12-1992,14-04-2023,mala.patel@gmail.com,f
152,null,Maharashtra,Pune,26-02-2019,13-12-1962,26-02-2019,null@gmail.com,m
153,Aarav Mehta,Rajasthan,Jaipur,10-08-2019,02-11-1983,10-08-2019,aarav.mehta@outlook.com,f
154,Shakshi Mehta,Gujarat,Ahmedabad,08-09-2023,27-08-1970,08-09-2023,null,m
155,Vivaan Sharma,null,null,null,12-07-1999,null,vivaan.sharma@yahoo.com,f
156,Sai Pratap,Nagaland,null,19-02-2022,13-10-1974,19-02-2022,sai.pratap@gmail.com,f
157,Sai Patel,Karnataka,Bangalore,28-08-2023,null,28-08-2023,sai.patel@yahoo.com,m
158,Anudeep Patel,Rajasthan,Jaipur,15-10-2021,14-10-1956,15-10-2021,anudeep.patel@gmail.com,null
159,Anudeep Patel,Tamil Nadu,Chennai,11-03-2022,17-06-1991,11-03-2022,null,f
160,Shakshi Pratap,Tamil Nadu,Chennai,28-04-2019,19-11-2003,28-04-2019,shakshi.pratap@outlook.com,m
161,Ayaan Sharma,Madhya Pradesh,Indore,28-02-2022,13-02-1991,28-02-2022,ayaan.sharma@gmail.com,null
162,null,Gujarat,Ahmedabad,02-08-2021,03-09-1960,02-08-2021,null@outlook.com,m
163,Ekta Nair,Uttar Pradesh,Lucknow,15-12-2021,18-02-1984,15-12-2021,ekta.nair@outlook.com,f
164,Bhutekar Pratap,Madhya Pradesh,Indore,28-03-2022,11-02-1960,28-03-2022,bhutekar.pratap@gmail.com,f
165,Arjun Patel,null,Kohima,23-03-2020,29-06-1971,23-03-2020,arjun.patel@gmail.com,m
166,Anudeep Nair,Madhya Pradesh,Indore,null,null,null,anudeep.nair@outlook.com,f
167,Aditya Sharma,West Bengal,Kolkata,27-07-2023,null,27-07-2023,aditya.sharma@gmail.com,m
168,Reyansh Gupta,Madhya Pradesh,Indore,11-10-2021,03-12-1964,11-10-2021,reyansh.gupta@yahoo.com,m
169,Arjun Sharma,Uttar Pradesh,Lucknow,null,01-02-1963,null,null,m
170,Vivaan Sagar,Maharashtra,Pune,null,07-04-2003,null,vivaan.sagar@gmail.com,m
171,Bhutekar Pratap,Delhi,New Delhi,05-01-2021,null,05-01-2021,bhutekar.pratap@outlook.com,f
172,Vivaan Jain,Maharashtra,null,10-03-2022,05-04-1992,10-03-2022,vivaan.jain@outlook.com,m
173,Aditya Jain,Delhi,New Delhi,null,27-08-1997,null,aditya.jain@gmail.com,m
174,Anudeep Sagar,Gujarat,Ahmedabad,15-11-2023,14-04-1986,15-11-2023,anudeep.sagar@gmail.com,m
175,Sai Sharma,null,null,02-10-2019,02-08-1953,02-10-2019,sai.sharma@yahoo.com,f
176,Aarav Gupta,Delhi,New Delhi,28-08-2019,19-01-1960,28-08-2019,aarav.gupta@yahoo.com,f
177,Aarav Jain,Delhi,null,18-04-2023,10-04-2001,18-04-2023,null,f
178,Ekta Gupta,Karnataka,Bangalore,31-05-2023,28-10-1985,31-05-2023,null,f
179,Aarav Gupta,Rajasthan,Jaipur,20-09-2022,28-01-1961,20-09-2022,aarav.gupta@gmail.com,f
180,null,Nagaland,Kohima,null,30-04-1982,null,null@outlook.com,f
181,Vihaan Patel,West Bengal,Kolkata,null,05-07-1973,null,null,m
182,Anudeep Pratap,Rajasthan,Jaipur,22-05-2019,29-02-1992,22-05-2019,anudeep.pratap@yahoo.com,m
183,Arjun Reddy,null,Mumbai,24-08-2018,null,24-08-2018,arjun.reddy@yahoo.com,f
184,Sai Sharma,Maharashtra,Mumbai,15-08-2021,05-01-2004,15-08-2021,sai.sharma@gmail.com,f
185,Mala Jain,Gujarat,Ahmedabad,16-09-2022,15-03-1990,16-09-2022,null,m
186,Shakshi Nair,Karnataka,Bangalore,25-04-2023,15-08-1957,25-04-2023,shakshi.nair@gmail.com,f
187,Aarav Verma,Gujarat,Ahmedabad,06-05-2023,14-02-1971,06-05-2023,aarav.verma@outlook.com,f
188,Reyansh Nair,Karnataka,Bangalore,null,28-05-1978,null,reyansh.nair@gmail.com,f
189,Bhutekar Chauhan,Nagaland,Kohima,12-02-2023,09-03-1958,12-02-2023,bhutekar.chauhan@outlook.com,f
190,Anudeep Jain,Gujarat,Ahmedabad,01-08-2023,30-04-1983,01-08-2023,anudeep.jain@yahoo.com,f
191,Anudeep Chauhan,Nagaland,Kohima,25-03-2022,null,25-03-2022,anudeep.chauhan@gmail.com,m
192,Ekta Sharma,Delhi,New Delhi,02-12-2021,12-01-1956,02-12-2021,ekta.sharma@yahoo.com,f
193,Reyansh Jain,Gujarat,Ahmedabad,10-12-2021,15-09-1974,10-12-2021,reyansh.jain@outlook.com,f
194,Ekta Gupta,Karnataka,Bangalore,30-09-2022,31-03-1983,30-09-2022,null,m
195,Mala Gupta,Gujarat,Ahmedabad,17-05-2019,09-05-2001,17-05-2019,mala.gupta@gmail.com,null
196,Bhutekar Patel,Maharashtra,Mumbai,21-01-2019,08-08-2004,21-01-2019,bhutekar.patel@gmail.com,f
197,Aditya Jain,West Bengal,Kolkata,09-02-2020,21-09-2004,09-02-2020,aditya.jain@gmail.com,f
198,Sai Jain,Delhi,null,27-06-2022,17-10-1970,27-06-2022,sai.jain@gmail.com,m
199,Anudeep Reddy,Nagaland,Kohima,13-10-2021,10-08-1974,13-10-2021,anudeep.reddy@outlook.com,f
200,Mala Chauhan,Rajasthan,Jaipur,18-04-2021,17-09-1984,18-04-2021,mala.chauhan@yahoo.com,f
201,Ekta Jain,Gujarat,Ahmedabad,25-05-2022,18-01-1972,25-05-2022,ekta.jain@gmail.com,f
202,Ekta Reddy,null,Kolkata,08-02-2018,02-12-2000,08-02-2018,ekta.reddy@gmail.com,f
203,Arjun Sharma,Rajasthan,Jaipur,15-12-2021,08-01-1969,15-12-2021,null,f
204,Anudeep Gupta,Madhya Pradesh,Indore,28-04-2019,12-05-1968,28-04-2019,anudeep.gupta@yahoo.com,m
205,Anudeep Nair,Delhi,New Delhi,07-06-2019,07-12-1951,07-06-2019,anudeep.nair@yahoo.com,f
206,Ayaan Gupta,Madhya Pradesh,Indore,29-06-2021,17-06-1957,29-06-2021,ayaan.gupta@outlook.com,f
207,Aarav Sharma,Rajasthan,Jaipur,19-08-2022,24-08-1970,19-08-2022,aarav.sharma@gmail.com,m
208,Mala Sagar,Uttar Pradesh,Lucknow,28-04-2018,01-09-1985,28-04-2018,mala.sagar@yahoo.com,m
209,Aditya Verma,Tamil Nadu,Chennai,03-11-2018,24-03-1978,03-11-2018,aditya.verma@outlook.com,f
210,Aditya Patel,null,Ahmedabad,16-01-2021,21-06-1953,16-01-2021,aditya.patel@gmail.com,f
211,Vivaan Gupta,Tamil Nadu,Chennai,02-12-2023,02-09-1994,02-12-2023,vivaan.gupta@outlook.com,f
212,Vivaan Gupta,Delhi,New Delhi,24-06-2022,20-10-1961,24-06-2022,vivaan.gupta@gmail.com,f
213,Vihaan Nair,null,New Delhi,16-10-2021,null,16-10-2021,vihaan.nair@gmail.com,m
214,Vivaan Verma,Madhya Pradesh,null,21-05-2020,20-02-1968,21-05-2020,vivaan.verma@gmail.com,m
215,Aditya Sharma,Karnataka,Bangalore,12-12-2022,17-06-1998,12-12-2022,aditya.sharma@gmail.com,f
216,Ekta Gupta,Rajasthan,Jaipur,21-10-2018,23-03-1964,21-10-2018,ekta.gupta@yahoo.com,m
217,Arjun Gupta,Madhya Pradesh,Indore,02-07-2018,27-05-1997,02-07-2018,arjun.gupta@outlook.com,m
218,Vihaan Nair,Rajasthan,Jaipur,09-10-2019,03-04-1988,09-10-2019,vihaan.nair@gmail.com,f
219,Aarav Mehta,Gujarat,Ahmedabad,04-01-2020,01-04-1994,04-01-2020,aarav.mehta@gmail.com,f
220,Shakshi Sagar,Maharashtra,Mumbai,09-02-2022,26-06-1971,09-02-2022,shakshi.sagar@gmail.com,f
221,Vivaan Nair,Nagaland,Kohima,20-08-2022,19-01-1974,20-08-2022,vivaan.nair@gmail.com,m
222,Sai Mehta,Rajasthan,Jaipur,17-12-2019,14-03-1964,17-12-2019,sai.mehta@yahoo.com,null
223,Vihaan Pratap,West Bengal,Kolkata,13-01-2023,01-05-1951,13-01-2023,vihaan.pratap@outlook.com,null
224,Bhutekar Verma,Uttar Pradesh,Lucknow,24-08-2020,02-12-1988,24-08-2020,bhutekar.verma@outlook.com,m
225,Sai Reddy,Tamil Nadu,Chennai,18-08-2023,02-05-1954,18-08-2023,sai.reddy@outlook.com,m
226,Shakshi Verma,Gujarat,Ahmedabad,25-02-2022,02-10-1990,25-02-2022,shakshi.verma@yahoo.com,m
227,Shakshi Chauhan,Delhi,New Delhi,19-01-2021,13-03-1974,19-01-2021,shakshi.chauhan@gmail.com,m
228,null,Karnataka,Bangalore,03-10-2018,04-09-2004,03-10-2018,null@outlook.com,m
229,Ekta Pratap,West Bengal,null,09-10-2020,26-12-1979,09-10-2020,ekta.pratap@outlook.com,m
230,Ekta Chauhan,Uttar Pradesh,Lucknow,30-03-2019,16-01-1991,30-03-2019,ekta.chauhan@gmail.com,f
231,Vihaan Verma,Delhi,New Delhi,null,22-02-1990,null,vihaan.verma@outlook.com,m
232,Ayaan Verma,Gujarat,Ahmedabad,28-11-2020,25-10-1983,28-11-2020,ayaan.verma@gmail.com,m
233,Vivaan Mehta,Maharashtra,Mumbai,17-05-2023,21-01-1994,17-05-2023,vivaan.mehta@yahoo.com,f
234,Ekta Reddy,Tamil Nadu,Chennai,null,29-12-1958,null,ekta.reddy@outlook.com,f
235,Shakshi Reddy,Maharashtra,Mumbai,02-08-2018,24-12-1974,02-08-2018,shakshi.reddy@outlook.com,m
236,Aarav Gupta,Karnataka,null,null,05-04-1978,null,aarav.gupta@outlook.com,f
237,Vivaan Sagar,Nagaland,Kohima,15-01-2018,17-08-1953,15-01-2018,vivaan.sagar@outlook.com,m
238,Vivaan Chauhan,Maharashtra,null,null,07-03-1987,null,vivaan.chauhan@yahoo.com,f
239,Bhutekar Mehta,null,Chennai,null,null,null,bhutekar.mehta@outlook.com,m
240,null,Rajasthan,Jaipur,31-03-2021,10-02-1969,31-03-2021,null@gmail.com,f
241,Sai Mehta,Gujarat,Ahmedabad,03-11-2019,27-05-1967,03-11-2019,sai.mehta@gmail.com,m
242,null,Gujarat,Ahmedabad,22-12-2020,21-01-1979,22-12-2020,null,m
243,Mala Mehta,Karnataka,Bangalore,05-04-2023,21-08-1998,05-04-2023,mala.mehta@outlook.com,null
244,Arjun Jain,Tamil Nadu,null,17-01-2018,null,17-01-2018,arjun.jain@yahoo.com,f
245,Anudeep Chauhan,Delhi,New Delhi,18-10-2019,06-06-1999,18-10-2019,anudeep.chauhan@yahoo.com,m
246,Reyansh Verma,Maharashtra,Pune,03-08-2020,29-12-1995,03-08-2020,reyansh.verma@outlook.com,f
247,Vihaan Sagar,Tamil Nadu,Chennai,29-01-2021,02-02-1968,29-01-2021,vihaan.sagar@yahoo.com,f
248,Ekta Jain,Maharashtra,Pune,20-03-2019,25-01-1987,20-03-2019,ekta.jain@outlook.com,f
249,Sai Verma,Karnataka,Bangalore,27-06-2020,25-08-1974,27-06-2020,sai.verma@gmail.com,m
250,Aditya Gupta,Gujarat,Ahmedabad,null,11-10-1988,null,null,m
251,Aarav Sharma,null,Mumbai,10-02-2022,17-12-1978,10-02-2022,aarav.sharma@gmail.com,f
252,null,West Bengal,Kolkata,09-08-2019,07-02-1993,09-08-2019,null@gmail.com,m
253,Shakshi Reddy,Maharashtra,Mumbai,03-05-2020,30-12-1959,03-05-2020,shakshi.reddy@gmail.com,f
254,Mala Mehta,null,Chennai,30-10-2020,null,30-10-2020,null,null
255,Vivaan Verma,Nagaland,Kohima,24-12-2018,19-10-1970,24-12-2018,vivaan.verma@outlook.com,null
256,null,Uttar Pradesh,null,29-09-2023,06-12-1954,29-09-2023,null,null
257,Vivaan Sagar,Madhya Pradesh,Indore,06-08-2020,18-07-1987,06-08-2020,vivaan.sagar@yahoo.com,f
258,Vihaan Pratap,null,Jaipur,03-07-2019,08-07-1968,03-07-2019,vihaan.pratap@yahoo.com,f
259,Arjun Mehta,Gujarat,Ahmedabad,27-04-2018,null,27-04-2018,arjun.mehta@gmail.com,f
260,Reyansh Pratap,Maharashtra,Pune,null,28-09-1992,null,reyansh.pratap@gmail.com,f
261,null,Nagaland,Kohima,null,17-02-1951,null,null,f
262,Arjun Gupta,Maharashtra,Mumbai,05-10-2023,25-03-2004,05-10-2023,arjun.gupta@gmail.com,f
263,Ekta Pratap,null,Kolkata,30-09-2018,null,30-09-2018,ekta.pratap@yahoo.com,f
264,Vivaan Chauhan,Nagaland,Kohima,17-04-2021,19-05-1950,17-04-2021,null,m
265,Aditya Gupta,Nagaland,Kohima,07-05-2023,19-07-1956,07-05-2023,null,null
266,Shakshi Jain,Uttar Pradesh,Lucknow,30-04-2020,30-01-1977,30-04-2020,shakshi.jain@yahoo.com,f
267,Sai Mehta,Nagaland,Kohima,01-04-2022,22-05-2004,01-04-2022,sai.mehta@yahoo.com,f
268,Vihaan Pratap,Nagaland,Kohima,22-05-2018,16-07-1962,22-05-2018,vihaan.pratap@yahoo.com,null
269,Mala Gupta,Rajasthan,Jaipur,10-11-2021,31-07-1995,10-11-2021,mala.gupta@outlook.com,f
270,null,Rajasthan,Jaipur,10-02-2022,04-03-1985,10-02-2022,null@yahoo.com,f
271,Ayaan Verma,West Bengal,Kolkata,08-10-2020,25-12-1989,08-10-2020,ayaan.verma@outlook.com,m
272,Shakshi Jain,Madhya Pradesh,Indore,03-12-2022,01-03-1978,03-12-2022,shakshi.jain@gmail.com,m
273,Sai Verma,null,Chennai,30-01-2023,23-01-1978,30-01-2023,sai.verma@yahoo.com,null
274,Shakshi Verma,Nagaland,Kohima,29-01-2019,null,29-01-2019,shakshi.verma@yahoo.com,null
275,Mala Patel,Gujarat,Ahmedabad,04-09-2018,null,04-09-2018,mala.patel@gmail.com,f
276,Bhutekar Sagar,Madhya Pradesh,Indore,18-11-2018,28-12-1981,18-11-2018,bhutekar.sagar@yahoo.com,f
277,Vivaan Mehta,Gujarat,Ahmedabad,29-07-2020,22-09-1976,29-07-2020,vivaan.mehta@gmail.com,f
278,Reyansh Sharma,Uttar Pradesh,Lucknow,15-05-2022,06-02-1961,15-05-2022,reyansh.sharma@yahoo.com,m
279,Reyansh Reddy,Gujarat,Ahmedabad,18-11-2018,01-07-1997,18-11-2018,reyansh.reddy@yahoo.com,m
280,Mala Sharma,Delhi,New Delhi,02-04-2020,07-01-1962,02-04-2020,mala.sharma@gmail.com,m
281,Mala Jain,Maharashtra,Pune,31-08-2022,12-04-1982,31-08-2022,mala.jain@gmail.com,f
282,Vihaan Gupta,Gujarat,Ahmedabad,04-09-2021,18-05-1978,04-09-2021,vihaan.gupta@outlook.com,f
283,Sai Reddy,Tamil Nadu,Chennai,10-10-2018,23-02-1954,10-10-2018,sai.reddy@gmail.com,f
284,Anudeep Sharma,Karnataka,Bangalore,null,21-10-1953,null,anudeep.sharma@outlook.com,null
285,Arjun Gupta,Delhi,New Delhi,19-06-2018,30-08-1993,19-06-2018,arjun.gupta@yahoo.com,m
286,Anudeep Gupta,Madhya Pradesh,Indore,28-12-2023,20-07-1960,28-12-2023,null,f
287,Arjun Nair,Uttar Pradesh,Lucknow,02-04-2023,05-11-1994,02-04-2023,arjun.nair@gmail.com,f
288,Vihaan Jain,Delhi,New Delhi,14-05-2020,06-11-1957,14-05-2020,vihaan.jain@gmail.com,m
289,Vihaan Mehta,null,Kohima,25-11-2020,null,25-11-2020,vihaan.mehta@outlook.com,m
290,Vivaan Mehta,Delhi,New Delhi,11-02-2023,02-08-1954,11-02-2023,vivaan.mehta@gmail.com,m
291,null,null,null,null,29-12-1976,null,null@yahoo.com,null
292,Anudeep Sharma,Delhi,New Delhi,13-10-2020,19-10-1988,13-10-2020,anudeep.sharma@yahoo.com,f
293,Ekta Sagar,Tamil Nadu,Chennai,05-01-2021,04-03-1979,05-01-2021,ekta.sagar@outlook.com,f
294,Arjun Patel,Nagaland,Kohima,19-08-2020,05-08-1980,19-08-2020,null,m
295,Shakshi Sharma,Tamil Nadu,Chennai,10-11-2018,11-04-1974,10-11-2018,shakshi.sharma@yahoo.com,m
296,Ekta Nair,Maharashtra,null,27-05-2020,07-12-1985,27-05-2020,ekta.nair@gmail.com,m
297,null,Rajasthan,Jaipur,27-02-2023,15-07-1988,27-02-2023,null@yahoo.com,null
298,Bhutekar Pratap,West Bengal,Kolkata,null,17-09-1975,null,bhutekar.pratap@yahoo.com,m
299,Mala Pratap,West Bengal,Kolkata,null,26-01-1970,null,mala.pratap@outlook.com,f
300,null,Rajasthan,Jaipur,null,18-08-1954,null,null@yahoo.com,f
301,Aarav Jain,Uttar Pradesh,Lucknow,21-06-2020,21-02-1957,21-06-2020,null,f
302,Aditya Nair,null,Indore,20-01-2019,27-10-1977,20-01-2019,null,m
303,null,null,Kohima,30-09-2019,13-06-1986,30-09-2019,null@outlook.com,null
304,Arjun Gupta,Karnataka,null,14-11-2018,16-09-2004,14-11-2018,arjun.gupta@outlook.com,m
305,Vihaan Mehta,Gujarat,Ahmedabad,06-06-2018,28-07-1973,06-06-2018,vihaan.mehta@yahoo.com,f
306,Ekta Nair,Tamil Nadu,Chennai,12-11-2022,02-09-2003,12-11-2022,ekta.nair@gmail.com,f
307,Arjun Jain,Rajasthan,Jaipur,28-05-2021,03-04-1973,28-05-2021,arjun.jain@yahoo.com,f
308,Mala Patel,Delhi,New Delhi,02-11-2021,19-02-1996,02-11-2021,mala.patel@outlook.com,m
309,Ayaan Mehta,Madhya Pradesh,Indore,29-03-2023,22-02-1975,29-03-2023,ayaan.mehta@outlook.com,f
310,Vihaan Sagar,Maharashtra,Mumbai,03-10-2020,27-08-1988,03-10-2020,vihaan.sagar@gmail.com,m
311,Ekta Sharma,null,Chennai,20-08-2020,10-05-1979,20-08-2020,ekta.sharma@yahoo.com,f
312,Mala Sharma,Karnataka,Bangalore,22-01-2020,30-04-1987,22-01-2020,mala.sharma@gmail.com,f
313,null,Maharashtra,null,21-10-2022,21-10-1954,21-10-2022,null@yahoo.com,f
314,null,Gujarat,Ahmedabad,13-01-2020,14-04-1953,13-01-2020,null@yahoo.com,m
315,Bhutekar Nair,null,Mumbai,19-11-2018,20-06-1959,19-11-2018,bhutekar.nair@outlook.com,f
316,Anudeep Nair,Uttar Pradesh,Lucknow,03-03-2022,02-08-1997,03-03-2022,anudeep.nair@gmail.com,f
317,Reyansh Sagar,Delhi,New Delhi,12-09-2022,06-02-1996,12-09-2022,reyansh.sagar@yahoo.com,m
318,Anudeep Patel,Delhi,New Delhi,10-10-2023,06-12-2000,10-10-2023,anudeep.patel@yahoo.com,m
319,Vihaan Verma,Uttar Pradesh,Lucknow,13-07-2020,31-12-1953,13-07-2020,null,m
320,Vivaan Gupta,Karnataka,null,02-04-2018,20-05-1962,02-04-2018,vivaan.gupta@yahoo.com,m
321,null,Madhya Pradesh,Indore,10-03-2020,14-11-1969,10-03-2020,null@gmail.com,f
322,Mala Pratap,Tamil Nadu,Chennai,04-06-2020,11-08-1958,04-06-2020,mala.pratap@yahoo.com,f
323,Shakshi Reddy,Nagaland,Kohima,30-11-2020,17-01-1963,30-11-2020,shakshi.reddy@yahoo.com,m
324,Bhutekar Sagar,West Bengal,null,08-01-2022,23-02-1993,08-01-2022,null,f
325,Arjun Pratap,Karnataka,Bangalore,08-06-2018,06-07-1986,08-06-2018,arjun.pratap@gmail.com,m
326,Aarav Sagar,Maharashtra,Mumbai,05-02-2023,18-04-1971,05-02-2023,aarav.sagar@yahoo.com,m
327,Bhutekar Jain,West Bengal,Kolkata,null,12-03-1954,null,bhutekar.jain@gmail.com,f
328,Vihaan Gupta,null,Kolkata,21-03-2021,20-01-2003,21-03-2021,vihaan.gupta@outlook.com,null
329,Arjun Verma,Madhya Pradesh,Indore,04-02-2019,27-03-1960,04-02-2019,arjun.verma@yahoo.com,m
330,null,Madhya Pradesh,Indore,14-12-2018,07-11-1960,14-12-2018,null@yahoo.com,m
331,Aditya Sharma,Tamil Nadu,Chennai,null,22-05-1970,null,null,m
332,Reyansh Patel,Uttar Pradesh,Lucknow,01-10-2019,03-06-1986,01-10-2019,reyansh.patel@yahoo.com,f
333,Aditya Chauhan,Gujarat,Ahmedabad,14-01-2018,19-07-2003,14-01-2018,aditya.chauhan@gmail.com,f
334,Vivaan Reddy,Tamil Nadu,Chennai,15-01-2019,13-05-1981,15-01-2019,vivaan.reddy@gmail.com,null
335,null,West Bengal,Kolkata,28-11-2022,24-06-1997,28-11-2022,null,null
336,Arjun Mehta,Uttar Pradesh,Lucknow,07-01-2018,24-12-1988,07-01-2018,arjun.mehta@gmail.com,null
337,Bhutekar Sagar,Maharashtra,Pune,06-07-2022,08-12-2001,06-07-2022,null,m
338,Ekta Pratap,Uttar Pradesh,Lucknow,02-12-2023,25-06-1955,02-12-2023,ekta.pratap@outlook.com,m
339,Anudeep Gupta,Nagaland,Kohima,21-05-2023,06-06-1974,21-05-2023,anudeep.gupta@gmail.com,f
340,null,Madhya Pradesh,Indore,05-05-2021,05-09-1980,05-05-2021,null@yahoo.com,m
341,Shakshi Sagar,null,Ahmedabad,15-02-2019,04-02-1969,15-02-2019,shakshi.sagar@gmail.com,m
342,Bhutekar Reddy,Madhya Pradesh,Indore,null,22-10-1975,null,bhutekar.reddy@gmail.com,f
343,Shakshi Gupta,Uttar Pradesh,Lucknow,01-09-2020,15-04-1989,01-09-2020,shakshi.gupta@outlook.com,f
344,Ekta Sagar,West Bengal,Kolkata,06-02-2023,12-07-1974,06-02-2023,ekta.sagar@outlook.com,m
345,Arjun Mehta,Madhya Pradesh,Indore,null,23-06-1976,null,arjun.mehta@gmail.com,m
346,Mala Sagar,null,Mumbai,23-08-2022,18-04-1991,23-08-2022,mala.sagar@yahoo.com,f
347,null,Rajasthan,null,14-05-2018,10-08-1964,14-05-2018,null@yahoo.com,f
348,Arjun Sharma,null,New Delhi,17-08-2020,null,17-08-2020,arjun.sharma@outlook.com,f
349,Aarav Jain,Nagaland,Kohima,26-10-2018,31-03-2005,26-10-2018,aarav.jain@gmail.com,m
350,Vihaan Pratap,Gujarat,Ahmedabad,17-06-2020,27-02-1953,17-06-2020,null,m
351,Ayaan Nair,Uttar Pradesh,Lucknow,14-11-2023,26-11-1977,14-11-2023,ayaan.nair@yahoo.com,f
352,Aarav Verma,Karnataka,Bangalore,06-05-2020,25-10-1993,06-05-2020,aarav.verma@yahoo.com,f
353,Sai Jain,Delhi,New Delhi,03-10-2021,20-12-2005,03-10-2021,sai.jain@gmail.com,null
354,Arjun Jain,Rajasthan,Jaipur,19-12-2019,11-02-1965,19-12-2019,arjun.jain@outlook.com,f
355,Vihaan Verma,Nagaland,Kohima,03-12-2022,11-01-1984,03-12-2022,vihaan.verma@yahoo.com,f
356,Anudeep Reddy,West Bengal,Kolkata,null,null,null,anudeep.reddy@yahoo.com,f
357,Arjun Mehta,Uttar Pradesh,Lucknow,07-11-2019,null,07-11-2019,arjun.mehta@gmail.com,f
358,Vivaan Chauhan,Gujarat,null,22-05-2022,30-10-1971,22-05-2022,vivaan.chauhan@gmail.com,m
359,Vivaan Verma,Nagaland,Kohima,24-04-2018,15-03-1978,24-04-2018,vivaan.verma@gmail.com,null
360,Ayaan Verma,null,null,14-05-2022,23-02-1990,14-05-2022,ayaan.verma@yahoo.com,m
361,Anudeep Pratap,Gujarat,Ahmedabad,10-06-2021,01-12-1957,10-06-2021,anudeep.pratap@outlook.com,f
362,Vihaan Mehta,Nagaland,Kohima,27-04-2021,null,27-04-2021,vihaan.mehta@gmail.com,f
363,null,null,Kohima,13-01-2023,06-06-2000,13-01-2023,null@outlook.com,f
364,Ekta Pratap,Nagaland,Kohima,01-01-2019,06-07-1984,01-01-2019,ekta.pratap@yahoo.com,m
365,Bhutekar Reddy,West Bengal,Kolkata,20-07-2023,22-01-1998,20-07-2023,null,f
366,Aditya Patel,Karnataka,Bangalore,20-12-2022,28-12-1976,20-12-2022,aditya.patel@yahoo.com,m
367,null,West Bengal,Kolkata,20-07-2022,24-07-1997,20-07-2022,null@yahoo.com,f
368,Vihaan Mehta,Delhi,New Delhi,20-09-2020,07-10-1990,20-09-2020,null,m
369,Vivaan Sagar,Nagaland,Kohima,16-02-2022,null,16-02-2022,vivaan.sagar@yahoo.com,f
370,Vivaan Sagar,Tamil Nadu,Chennai,20-05-2019,05-08-1950,20-05-2019,vivaan.sagar@outlook.com,f
371,Reyansh Nair,Delhi,New Delhi,07-04-2022,18-01-1995,07-04-2022,reyansh.nair@yahoo.com,null
372,Arjun Sagar,Karnataka,Bangalore,20-03-2020,05-07-1999,20-03-2020,arjun.sagar@gmail.com,null
373,Aarav Sharma,Nagaland,Kohima,04-08-2021,17-06-1993,04-08-2021,aarav.sharma@gmail.com,m
374,Reyansh Gupta,Delhi,New Delhi,18-06-2020,05-10-1965,18-06-2020,null,f
375,Vivaan Mehta,Uttar Pradesh,Lucknow,13-11-2021,26-08-1997,13-11-2021,vivaan.mehta@yahoo.com,m
376,Reyansh Sharma,Nagaland,null,null,24-06-1954,null,reyansh.sharma@outlook.com,f
377,Vihaan Jain,Uttar Pradesh,Lucknow,null,19-02-1989,null,vihaan.jain@yahoo.com,m
378,Vihaan Sharma,Rajasthan,Jaipur,26-05-2022,05-12-1958,26-05-2022,vihaan.sharma@outlook.com,f
379,Vihaan Gupta,West Bengal,Kolkata,30-01-2021,08-10-1968,30-01-2021,vihaan.gupta@gmail.com,f
380,Ayaan Chauhan,Delhi,New Delhi,10-03-2022,null,10-03-2022,ayaan.chauhan@gmail.com,m
381,Aarav Sagar,Uttar Pradesh,Lucknow,04-02-2020,08-11-1985,04-02-2020,aarav.sagar@gmail.com,m
382,Aarav Reddy,Maharashtra,Mumbai,11-08-2019,08-08-1956,11-08-2019,null,f
383,Anudeep Patel,Tamil Nadu,Chennai,13-02-2019,28-06-1955,13-02-2019,null,m
384,Sai Pratap,Nagaland,null,17-09-2022,23-12-2005,17-09-2022,sai.pratap@yahoo.com,m
385,Vihaan Gupta,West Bengal,Kolkata,18-03-2020,20-05-1971,18-03-2020,vihaan.gupta@outlook.com,m
386,Ekta Chauhan,Rajasthan,Jaipur,30-07-2022,17-03-1973,30-07-2022,ekta.chauhan@gmail.com,null
387,null,Tamil Nadu,Chennai,11-06-2023,06-06-1964,11-06-2023,null,m
388,Ekta Verma,Gujarat,Ahmedabad,null,23-09-1957,null,ekta.verma@yahoo.com,f
389,Aarav Reddy,Rajasthan,Jaipur,26-05-2023,07-01-1989,26-05-2023,null,f
390,Aarav Patel,Delhi,New Delhi,11-04-2018,18-07-1996,11-04-2018,aarav.patel@yahoo.com,f
391,Vivaan Patel,Tamil Nadu,Chennai,26-09-2023,22-08-2000,26-09-2023,null,f
392,Vihaan Verma,Karnataka,Bangalore,18-06-2019,13-10-1998,18-06-2019,vihaan.verma@gmail.com,f
393,Sai Patel,null,Ahmedabad,null,null,null,sai.patel@gmail.com,f
394,Vihaan Mehta,Karnataka,Bangalore,12-07-2023,25-04-2003,12-07-2023,vihaan.mehta@yahoo.com,m
395,Vihaan Sharma,null,null,30-10-2021,28-02-1968,30-10-2021,vihaan.sharma@outlook.com,null
396,Ekta Jain,Rajasthan,null,18-03-2019,27-05-1984,18-03-2019,ekta.jain@yahoo.com,f
397,Aarav Verma,Delhi,New Delhi,09-08-2019,27-07-1971,09-08-2019,null,f
398,Ekta Reddy,West Bengal,Kolkata,10-04-2023,06-02-1996,10-04-2023,ekta.reddy@gmail.com,m
399,null,Karnataka,Bangalore,17-11-2021,null,17-11-2021,null@yahoo.com,m
400,Bhutekar Chauhan,Delhi,New Delhi,17-05-2022,10-01-2003,17-05-2022,bhutekar.chauhan@yahoo.com,m
401,Aditya Sagar,Tamil Nadu,Chennai,03-03-2022,null,03-03-2022,aditya.sagar@gmail.com,f
402,Aarav Reddy,Madhya Pradesh,Indore,null,22-05-1967,null,aarav.reddy@yahoo.com,f
403,Ekta Verma,Gujarat,Ahmedabad,29-12-2021,07-04-1992,29-12-2021,ekta.verma@yahoo.com,f
404,Reyansh Sharma,null,null,21-09-2018,null,21-09-2018,reyansh.sharma@outlook.com,m
405,Bhutekar Verma,null,null,28-02-2022,07-09-2003,28-02-2022,bhutekar.verma@yahoo.com,f
406,Reyansh Pratap,West Bengal,Kolkata,25-07-2022,18-12-1964,25-07-2022,null,m
407,Aditya Sharma,Rajasthan,Jaipur,21-03-2021,15-11-2003,21-03-2021,aditya.sharma@yahoo.com,null
408,Vivaan Chauhan,West Bengal,Kolkata,19-05-2021,null,19-05-2021,vivaan.chauhan@outlook.com,f
409,Ayaan Reddy,Uttar Pradesh,Lucknow,02-12-2018,27-11-1966,02-12-2018,ayaan.reddy@outlook.com,m
410,Vihaan Chauhan,Nagaland,Kohima,19-01-2020,06-07-1985,19-01-2020,vihaan.chauhan@outlook.com,f
411,Vihaan Verma,Delhi,New Delhi,19-05-2023,17-03-1967,19-05-2023,vihaan.verma@outlook.com,f
412,Mala Verma,Nagaland,Kohima,08-12-2023,02-08-1995,08-12-2023,mala.verma@outlook.com,f
413,Aarav Mehta,Uttar Pradesh,Lucknow,20-07-2019,31-12-1988,20-07-2019,aarav.mehta@yahoo.com,m
414,Ekta Patel,Karnataka,Bangalore,02-06-2020,01-08-1999,02-06-2020,ekta.patel@outlook.com,m
415,Aarav Gupta,Tamil Nadu,Chennai,03-01-2019,19-09-1952,03-01-2019,aarav.gupta@outlook.com,m
416,Vivaan Gupta,Madhya Pradesh,Indore,01-09-2023,11-12-1999,01-09-2023,vivaan.gupta@yahoo.com,f
417,Shakshi Nair,Maharashtra,Pune,18-11-2019,04-04-2000,18-11-2019,shakshi.nair@gmail.com,m
418,Bhutekar Chauhan,Delhi,New Delhi,null,02-02-2004,null,bhutekar.chauhan@outlook.com,f
419,null,Karnataka,Bangalore,null,07-09-1997,null,null@gmail.com,f
420,Arjun Jain,Delhi,New Delhi,02-12-2019,01-12-1957,02-12-2019,arjun.jain@gmail.com,f
421,Aditya Chauhan,Rajasthan,Jaipur,14-05-2022,14-01-1999,14-05-2022,aditya.chauhan@yahoo.com,f
422,null,Delhi,New Delhi,05-10-2019,01-03-1964,05-10-2019,null@yahoo.com,m
423,Reyansh Chauhan,Delhi,New Delhi,04-12-2023,20-05-1991,04-12-2023,reyansh.chauhan@gmail.com,f
424,null,West Bengal,Kolkata,null,14-08-1969,null,null@yahoo.com,f
425,Vivaan Reddy,Rajasthan,Jaipur,17-03-2022,06-08-1992,17-03-2022,vivaan.reddy@yahoo.com,m
426,Sai Pratap,Tamil Nadu,null,05-06-2020,09-02-1957,05-06-2020,null,f
427,Ekta Patel,Maharashtra,Pune,17-09-2021,25-04-1989,17-09-2021,ekta.patel@yahoo.com,f
428,Ayaan Patel,Rajasthan,Jaipur,18-01-2020,null,18-01-2020,ayaan.patel@gmail.com,m
429,Vivaan Reddy,null,Mumbai,21-02-2022,null,21-02-2022,vivaan.reddy@outlook.com,m
430,null,Nagaland,Kohima,null,16-07-1997,null,null@gmail.com,m
431,Vivaan Sharma,Rajasthan,Jaipur,25-01-2020,03-04-1988,25-01-2020,vivaan.sharma@outlook.com,m
432,Aarav Reddy,Rajasthan,Jaipur,10-07-2022,29-11-1983,10-07-2022,aarav.reddy@outlook.com,m
433,Mala Verma,null,Chennai,19-07-2020,16-12-1986,19-07-2020,mala.verma@yahoo.com,m
434,Aditya Nair,null,Chennai,18-04-2020,16-01-1988,18-04-2020,aditya.nair@yahoo.com,f
435,Anudeep Mehta,Delhi,New Delhi,25-01-2018,null,25-01-2018,null,f
436,Aditya Sharma,Karnataka,Bangalore,23-06-2019,04-02-1978,23-06-2019,aditya.sharma@gmail.com,m
437,null,null,Chennai,null,19-09-1955,null,null@gmail.com,null
438,Vihaan Gupta,Nagaland,Kohima,01-02-2019,23-03-1986,01-02-2019,vihaan.gupta@yahoo.com,m
439,Aditya Mehta,Nagaland,Kohima,13-05-2020,30-12-1982,13-05-2020,aditya.mehta@outlook.com,m
440,Sai Verma,Delhi,New Delhi,29-12-2020,16-03-1989,29-12-2020,sai.verma@yahoo.com,f
441,Reyansh Chauhan,Karnataka,Bangalore,28-04-2022,03-09-1980,28-04-2022,reyansh.chauhan@gmail.com,f
442,null,null,Indore,01-08-2020,24-02-1961,01-08-2020,null@yahoo.com,f
443,Ayaan Mehta,Rajasthan,Jaipur,08-04-2023,11-08-1956,08-04-2023,ayaan.mehta@outlook.com,null
444,Vivaan Patel,Madhya Pradesh,Indore,null,24-01-1959,null,vivaan.patel@gmail.com,f
445,Vivaan Chauhan,Uttar Pradesh,Lucknow,30-09-2023,null,30-09-2023,vivaan.chauhan@yahoo.com,f
446,Mala Verma,Delhi,New Delhi,05-12-2022,26-02-1996,05-12-2022,mala.verma@gmail.com,f
447,Aditya Sharma,Nagaland,Kohima,04-04-2018,19-11-1983,04-04-2018,aditya.sharma@gmail.com,m
448,Shakshi Jain,Karnataka,Bangalore,04-07-2023,null,04-07-2023,shakshi.jain@outlook.com,f
449,Aarav Reddy,Maharashtra,Pune,24-12-2023,07-08-1997,24-12-2023,aarav.reddy@outlook.com,m
450,Bhutekar Chauhan,Madhya Pradesh,Indore,26-08-2023,28-11-1988,26-08-2023,bhutekar.chauhan@gmail.com,m
451,Ekta Chauhan,West Bengal,Kolkata,17-06-2019,04-04-1992,17-06-2019,ekta.chauhan@outlook.com,m
452,Vihaan Mehta,Karnataka,Bangalore,03-02-2019,17-01-1978,03-02-2019,vihaan.mehta@yahoo.com,m
453,null,Uttar Pradesh,null,null,15-03-1999,null,null@gmail.com,f
454,Arjun Nair,Karnataka,Bangalore,null,13-11-1953,null,arjun.nair@gmail.com,m
455,Vihaan Sharma,Maharashtra,Pune,null,16-03-1966,null,vihaan.sharma@gmail.com,m
456,Aditya Verma,Uttar Pradesh,Lucknow,null,17-12-1968,null,aditya.verma@outlook.com,m
457,null,Maharashtra,Mumbai,14-10-2019,29-06-2003,14-10-2019,null@gmail.com,f
458,Sai Gupta,Rajasthan,Jaipur,20-02-2020,18-01-1971,20-02-2020,sai.gupta@yahoo.com,m
459,Ekta Verma,null,Kohima,09-04-2021,29-04-1996,09-04-2021,ekta.verma@outlook.com,f
460,null,Maharashtra,Mumbai,28-10-2019,20-06-1963,28-10-2019,null@outlook.com,f
461,Vihaan Pratap,Tamil Nadu,Chennai,02-06-2019,05-11-1970,02-06-2019,vihaan.pratap@outlook.com,m
462,Arjun Patel,Karnataka,Bangalore,28-09-2019,08-06-1951,28-09-2019,arjun.patel@gmail.com,f
463,Aditya Nair,Madhya Pradesh,Indore,05-12-2019,10-01-1977,05-12-2019,aditya.nair@outlook.com,f
464,Reyansh Patel,Madhya Pradesh,Indore,17-05-2019,08-12-1956,17-05-2019,reyansh.patel@yahoo.com,f
465,Bhutekar Mehta,Madhya Pradesh,Indore,22-11-2019,05-07-2001,22-11-2019,bhutekar.mehta@outlook.com,f
466,Vivaan Verma,Tamil Nadu,null,02-03-2023,12-05-1998,02-03-2023,vivaan.verma@outlook.com,f
467,Aarav Jain,Nagaland,Kohima,07-04-2019,02-09-1973,07-04-2019,aarav.jain@gmail.com,m
468,Sai Nair,Rajasthan,null,02-12-2023,09-06-2003,02-12-2023,sai.nair@outlook.com,m
469,Aarav Verma,Uttar Pradesh,Lucknow,19-01-2023,null,19-01-2023,aarav.verma@yahoo.com,null
470,Ayaan Verma,Madhya Pradesh,null,19-04-2023,23-05-1993,19-04-2023,ayaan.verma@outlook.com,m
471,Ayaan Jain,Gujarat,null,14-04-2021,09-04-1954,14-04-2021,ayaan.jain@outlook.com,f
472,Reyansh Verma,Karnataka,Bangalore,21-03-2023,15-08-2001,21-03-2023,reyansh.verma@gmail.com,null
473,Sai Gupta,Tamil Nadu,Chennai,25-04-2023,null,25-04-2023,sai.gupta@yahoo.com,m
474,Reyansh Sagar,Madhya Pradesh,Indore,29-09-2023,28-08-1970,29-09-2023,reyansh.sagar@outlook.com,f
475,Aditya Nair,Tamil Nadu,Chennai,19-11-2019,null,19-11-2019,aditya.nair@gmail.com,m
476,Aarav Verma,Karnataka,Bangalore,25-11-2019,27-01-1999,25-11-2019,aarav.verma@yahoo.com,m
477,Aarav Sagar,West Bengal,null,09-11-2020,24-06-1984,09-11-2020,null,m
478,Bhutekar Jain,West Bengal,null,01-11-2021,24-06-1988,01-11-2021,bhutekar.jain@yahoo.com,m
479,Bhutekar Gupta,Gujarat,Ahmedabad,22-08-2019,30-11-1965,22-08-2019,bhutekar.gupta@yahoo.com,m
480,null,null,Chennai,18-10-2019,13-08-1976,18-10-2019,null@yahoo.com,f
481,Aarav Mehta,Gujarat,Ahmedabad,21-09-2019,31-10-1952,21-09-2019,aarav.mehta@yahoo.com,m
482,Aarav Reddy,Rajasthan,Jaipur,06-07-2021,31-05-1962,06-07-2021,aarav.reddy@outlook.com,m
483,null,West Bengal,Kolkata,18-02-2021,23-05-2003,18-02-2021,null@outlook.com,null
484,Reyansh Nair,Tamil Nadu,Chennai,24-03-2021,11-03-1987,24-03-2021,reyansh.nair@gmail.com,f
485,Reyansh Patel,Nagaland,Kohima,09-06-2021,26-04-1964,09-06-2021,reyansh.patel@yahoo.com,f
486,Sai Mehta,Gujarat,Ahmedabad,10-10-2019,25-04-1969,10-10-2019,sai.mehta@yahoo.com,null
487,Bhutekar Patel,null,Kolkata,25-04-2018,18-08-1989,25-04-2018,bhutekar.patel@yahoo.com,m
488,null,Uttar Pradesh,null,17-10-2020,08-12-2005,17-10-2020,null@yahoo.com,f
489,Arjun Verma,Delhi,New Delhi,17-06-2019,11-07-1983,17-06-2019,arjun.verma@outlook.com,f
490,Aditya Sagar,Rajasthan,Jaipur,22-04-2018,11-12-1987,22-04-2018,null,f
491,Ayaan Nair,Gujarat,null,24-09-2023,null,24-09-2023,ayaan.nair@gmail.com,f
492,Ekta Chauhan,West Bengal,Kolkata,28-10-2019,01-07-1972,28-10-2019,ekta.chauhan@yahoo.com,m
493,Arjun Sagar,West Bengal,Kolkata,02-01-2018,null,02-01-2018,arjun.sagar@outlook.com,m
494,Arjun Gupta,Uttar Pradesh,Lucknow,01-08-2020,null,01-08-2020,arjun.gupta@gmail.com,f
495,Arjun Reddy,Gujarat,Ahmedabad,10-04-2021,20-10-1997,10-04-2021,arjun.reddy@yahoo.com,m
496,Ayaan Reddy,Tamil Nadu,null,22-10-2023,14-10-1952,22-10-2023,ayaan.reddy@outlook.com,f
497,null,Rajasthan,Jaipur,20-02-2019,23-04-1958,20-02-2019,null@yahoo.com,m
498,Sai Nair,Gujarat,Ahmedabad,31-08-2018,10-01-1962,31-08-2018,sai.nair@outlook.com,f
499,Arjun Nair,Madhya Pradesh,Indore,03-06-2020,14-03-1976,03-06-2020,arjun.nair@yahoo.com,m
500,Shakshi Verma,Maharashtra,Pune,null,21-04-1953,null,shakshi.verma@yahoo.com,m
501,Vihaan Mehta,Karnataka,Bangalore,26-05-2020,30-06-1989,26-05-2020,vihaan.mehta@yahoo.com,f
502,null,Karnataka,Bangalore,20-04-2023,24-04-1993,20-04-2023,null@outlook.com,f
503,Ekta Reddy,Uttar Pradesh,Lucknow,24-11-2022,04-08-1991,24-11-2022,ekta.reddy@outlook.com,m
504,Vivaan Jain,Gujarat,Ahmedabad,15-07-2023,19-09-1970,15-07-2023,vivaan.jain@yahoo.com,f
505,Shakshi Patel,Nagaland,Kohima,23-05-2021,07-01-2005,23-05-2021,shakshi.patel@gmail.com,m
506,Ekta Nair,West Bengal,Kolkata,20-08-2023,08-05-1956,20-08-2023,ekta.nair@gmail.com,f
507,Sai Mehta,Uttar Pradesh,Lucknow,04-11-2018,26-12-1994,04-11-2018,sai.mehta@yahoo.com,f
508,null,Gujarat,Ahmedabad,19-10-2019,null,19-10-2019,null@outlook.com,f
509,Vivaan Jain,null,Kohima,09-04-2023,22-01-1999,09-04-2023,vivaan.jain@outlook.com,m
510,Sai Reddy,Gujarat,Ahmedabad,16-09-2023,25-02-1995,16-09-2023,sai.reddy@outlook.com,f
511,Vivaan Gupta,Nagaland,Kohima,20-03-2023,17-05-1991,20-03-2023,vivaan.gupta@outlook.com,m
512,null,Maharashtra,Pune,30-12-2018,21-11-1992,30-12-2018,null@outlook.com,m
513,Arjun Pratap,Rajasthan,Jaipur,28-01-2021,24-08-1982,28-01-2021,arjun.pratap@outlook.com,m
514,Vivaan Gupta,Rajasthan,Jaipur,05-03-2020,14-08-1987,05-03-2020,vivaan.gupta@gmail.com,f
515,Sai Pratap,Delhi,New Delhi,30-08-2020,26-05-1951,30-08-2020,sai.pratap@outlook.com,f
516,Reyansh Verma,Gujarat,Ahmedabad,22-07-2018,19-12-2002,22-07-2018,reyansh.verma@gmail.com,m
517,Reyansh Sagar,Karnataka,null,11-06-2021,06-12-1971,11-06-2021,reyansh.sagar@outlook.com,m
518,Ayaan Chauhan,Nagaland,Kohima,null,18-10-1974,null,ayaan.chauhan@yahoo.com,f
519,null,Madhya Pradesh,Indore,12-06-2021,26-06-1970,12-06-2021,null@gmail.com,f
520,null,Uttar Pradesh,Lucknow,15-03-2023,17-01-2002,15-03-2023,null@outlook.com,m
521,Aditya Chauhan,Madhya Pradesh,Indore,05-07-2020,11-10-1962,05-07-2020,aditya.chauhan@outlook.com,m
522,Bhutekar Mehta,Maharashtra,Pune,null,12-09-1998,null,bhutekar.mehta@gmail.com,f
523,Vivaan Jain,Maharashtra,Pune,05-12-2018,28-07-2001,05-12-2018,null,null
524,null,Uttar Pradesh,Lucknow,21-02-2019,14-03-1953,21-02-2019,null@outlook.com,m
525,Ekta Patel,West Bengal,Kolkata,28-12-2018,09-09-1979,28-12-2018,null,f
526,Mala Jain,Karnataka,Bangalore,08-04-2019,06-03-1999,08-04-2019,null,f
527,null,Rajasthan,Jaipur,12-04-2023,07-01-1962,12-04-2023,null@outlook.com,m
528,Aarav Sharma,Maharashtra,Mumbai,23-12-2020,25-09-1989,23-12-2020,null,f
529,Vivaan Gupta,Gujarat,Ahmedabad,null,10-06-1969,null,vivaan.gupta@outlook.com,f
530,Aditya Reddy,West Bengal,Kolkata,04-10-2019,15-10-1979,04-10-2019,aditya.reddy@outlook.com,m
531,Aditya Sagar,Rajasthan,Jaipur,30-09-2020,09-02-1950,30-09-2020,aditya.sagar@gmail.com,m
532,Vihaan Chauhan,Maharashtra,Pune,19-04-2022,08-03-1970,19-04-2022,vihaan.chauhan@gmail.com,m
533,Shakshi Gupta,West Bengal,null,09-10-2023,05-11-1995,09-10-2023,shakshi.gupta@yahoo.com,f
534,Anudeep Sagar,Gujarat,null,19-09-2018,16-09-1963,19-09-2018,anudeep.sagar@gmail.com,f
535,Vivaan Verma,null,Mumbai,02-12-2023,null,02-12-2023,vivaan.verma@yahoo.com,m
536,Aarav Chauhan,West Bengal,Kolkata,10-08-2021,02-08-1957,10-08-2021,aarav.chauhan@gmail.com,f
537,Arjun Sharma,Delhi,null,06-03-2022,01-08-1987,06-03-2022,null,m
538,null,Maharashtra,Pune,27-02-2020,01-05-1969,27-02-2020,null@outlook.com,m
539,null,Madhya Pradesh,Indore,03-01-2022,26-01-1976,03-01-2022,null@outlook.com,f
540,Vihaan Chauhan,Delhi,null,23-07-2020,21-06-1974,23-07-2020,vihaan.chauhan@gmail.com,m
541,null,Rajasthan,Jaipur,16-11-2018,01-03-1951,16-11-2018,null@outlook.com,m
542,Bhutekar Gupta,Delhi,New Delhi,16-06-2020,25-08-1959,16-06-2020,bhutekar.gupta@yahoo.com,f
543,Shakshi Patel,null,null,23-12-2021,14-04-1959,23-12-2021,shakshi.patel@outlook.com,f
544,null,Uttar Pradesh,Lucknow,14-04-2019,03-11-1971,14-04-2019,null@gmail.com,f
545,Sai Verma,West Bengal,Kolkata,05-11-2021,11-09-1952,05-11-2021,sai.verma@gmail.com,null
546,Ekta Reddy,Delhi,null,06-08-2018,29-08-1967,06-08-2018,ekta.reddy@gmail.com,m
547,Ekta Sharma,null,Pune,14-03-2022,15-02-1985,14-03-2022,ekta.sharma@outlook.com,f
548,Bhutekar Reddy,Uttar Pradesh,Lucknow,19-04-2023,10-12-1955,19-04-2023,bhutekar.reddy@outlook.com,null
549,Arjun Chauhan,Delhi,null,25-02-2018,04-01-1970,25-02-2018,null,m
550,Aditya Jain,Gujarat,Ahmedabad,05-07-2018,null,05-07-2018,aditya.jain@gmail.com,m
551,Aarav Sharma,Maharashtra,Pune,02-12-2022,null,02-12-2022,aarav.sharma@gmail.com,m
552,null,Gujarat,Ahmedabad,16-06-2023,20-01-1960,16-06-2023,null@gmail.com,m
553,Bhutekar Sharma,Tamil Nadu,Chennai,16-01-2020,29-04-1973,16-01-2020,bhutekar.sharma@yahoo.com,f
554,Arjun Mehta,West Bengal,Kolkata,31-10-2018,29-10-1983,31-10-2018,null,m
555,Vivaan Pratap,Uttar Pradesh,Lucknow,03-10-2020,02-01-1950,03-10-2020,vivaan.pratap@outlook.com,m
556,Aditya Sharma,null,Bangalore,19-10-2023,13-01-1951,19-10-2023,aditya.sharma@yahoo.com,f
557,Aarav Pratap,Rajasthan,Jaipur,10-01-2018,24-03-1959,10-01-2018,aarav.pratap@gmail.com,f
558,null,Madhya Pradesh,Indore,04-06-2020,29-12-1998,04-06-2020,null@yahoo.com,m
559,Bhutekar Reddy,Uttar Pradesh,Lucknow,11-05-2020,04-10-1988,11-05-2020,bhutekar.reddy@gmail.com,f
560,Arjun Mehta,Tamil Nadu,null,13-11-2019,14-03-1967,13-11-2019,arjun.mehta@yahoo.com,m
561,Ayaan Jain,Uttar Pradesh,Lucknow,11-04-2022,18-06-1992,11-04-2022,ayaan.jain@outlook.com,f
562,Sai Patel,Uttar Pradesh,Lucknow,03-12-2021,25-12-1972,03-12-2021,sai.patel@gmail.com,m
563,Aarav Sharma,null,Kohima,17-09-2020,23-02-1962,17-09-2020,aarav.sharma@outlook.com,m
564,Reyansh Reddy,Delhi,New Delhi,26-08-2021,15-10-1963,26-08-2021,reyansh.reddy@gmail.com,f
565,Aarav Verma,null,New Delhi,25-10-2021,12-05-1952,25-10-2021,aarav.verma@gmail.com,f
566,Sai Mehta,Maharashtra,Mumbai,14-02-2022,28-07-1972,14-02-2022,sai.mehta@outlook.com,m
567,Shakshi Reddy,Uttar Pradesh,Lucknow,01-05-2019,12-04-1963,01-05-2019,shakshi.reddy@gmail.com,f
568,Reyansh Sharma,null,Ahmedabad,24-07-2021,20-02-1976,24-07-2021,reyansh.sharma@gmail.com,m
569,Arjun Reddy,West Bengal,Kolkata,20-09-2020,null,20-09-2020,arjun.reddy@outlook.com,f
570,Ekta Verma,Nagaland,Kohima,02-05-2018,13-05-1973,02-05-2018,ekta.verma@outlook.com,f
571,Reyansh Chauhan,West Bengal,Kolkata,14-07-2023,13-12-1978,14-07-2023,reyansh.chauhan@yahoo.com,m
572,Bhutekar Gupta,Delhi,New Delhi,null,20-10-1993,null,null,m
573,Ayaan Mehta,Rajasthan,Jaipur,17-08-2018,07-12-1969,17-08-2018,ayaan.mehta@outlook.com,f
574,Shakshi Chauhan,Madhya Pradesh,Indore,24-06-2023,21-08-1972,24-06-2023,shakshi.chauhan@gmail.com,f
575,Aditya Chauhan,Tamil Nadu,Chennai,01-05-2021,23-05-1990,01-05-2021,aditya.chauhan@gmail.com,m
576,Arjun Verma,Karnataka,Bangalore,null,02-06-1988,null,arjun.verma@gmail.com,m
577,Arjun Pratap,Karnataka,Bangalore,02-06-2023,13-12-1990,02-06-2023,arjun.pratap@gmail.com,f
578,Shakshi Chauhan,West Bengal,Kolkata,13-04-2022,28-05-1999,13-04-2022,null,f
579,Vivaan Mehta,Gujarat,Ahmedabad,24-07-2018,07-08-1982,24-07-2018,vivaan.mehta@gmail.com,m
580,Vivaan Patel,Delhi,New Delhi,null,20-12-1988,null,vivaan.patel@gmail.com,m
581,Anudeep Nair,null,Kohima,09-06-2019,10-12-1961,09-06-2019,anudeep.nair@gmail.com,null
582,Aarav Reddy,Madhya Pradesh,null,15-09-2021,25-03-2002,15-09-2021,aarav.reddy@gmail.com,f
583,Vivaan Reddy,Gujarat,Ahmedabad,03-03-2018,01-10-1995,03-03-2018,vivaan.reddy@yahoo.com,m
584,Aarav Patel,Rajasthan,Jaipur,08-07-2018,15-07-1997,08-07-2018,null,f
585,Arjun Chauhan,West Bengal,Kolkata,10-08-2018,12-02-1993,10-08-2018,arjun.chauhan@yahoo.com,f
586,Aditya Mehta,Madhya Pradesh,Indore,21-10-2023,14-07-1956,21-10-2023,aditya.mehta@gmail.com,f
587,Sai Reddy,West Bengal,Kolkata,06-06-2019,23-07-1985,06-06-2019,sai.reddy@gmail.com,f
588,Ekta Pratap,Maharashtra,Mumbai,23-10-2022,21-01-1979,23-10-2022,ekta.pratap@yahoo.com,f
589,Ekta Sharma,Uttar Pradesh,Lucknow,null,01-09-2000,null,ekta.sharma@yahoo.com,f
590,Ayaan Mehta,Maharashtra,null,null,06-02-2001,null,null,null
591,Ekta Nair,West Bengal,Kolkata,16-09-2022,26-05-1965,16-09-2022,ekta.nair@outlook.com,m
592,Shakshi Mehta,Delhi,New Delhi,21-11-2020,24-05-1967,21-11-2020,shakshi.mehta@outlook.com,f
593,Ekta Chauhan,Rajasthan,Jaipur,02-07-2018,06-06-1982,02-07-2018,ekta.chauhan@outlook.com,f
594,Anudeep Reddy,Tamil Nadu,Chennai,24-10-2023,27-08-1974,24-10-2023,anudeep.reddy@outlook.com,f
595,Bhutekar Sharma,null,null,06-01-2023,27-12-1974,06-01-2023,bhutekar.sharma@yahoo.com,f
596,Shakshi Gupta,Nagaland,Kohima,08-01-2023,26-11-1970,08-01-2023,shakshi.gupta@outlook.com,null
597,Ekta Mehta,Madhya Pradesh,Indore,26-03-2020,27-06-1966,26-03-2020,ekta.mehta@gmail.com,f
598,Sai Pratap,null,Indore,17-12-2020,13-10-1991,17-12-2020,sai.pratap@outlook.com,m
599,Aditya Reddy,West Bengal,Kolkata,null,22-03-1963,null,aditya.reddy@gmail.com,f
600,Bhutekar Sagar,Maharashtra,Pune,11-04-2023,01-07-1985,11-04-2023,bhutekar.sagar@yahoo.com,m
601,Aarav Reddy,Rajasthan,Jaipur,16-12-2023,21-02-1982,16-12-2023,aarav.reddy@outlook.com,m
602,Mala Verma,Karnataka,Bangalore,22-06-2019,10-11-1952,22-06-2019,mala.verma@yahoo.com,m
603,Ekta Chauhan,Madhya Pradesh,Indore,02-06-2020,09-05-1953,02-06-2020,ekta.chauhan@gmail.com,f
604,null,Gujarat,Ahmedabad,13-02-2021,23-12-1951,13-02-2021,null@outlook.com,m
605,Vihaan Sagar,Karnataka,Bangalore,08-08-2022,21-12-1970,08-08-2022,vihaan.sagar@gmail.com,m
606,Mala Chauhan,Gujarat,Ahmedabad,23-01-2022,10-04-1992,23-01-2022,mala.chauhan@yahoo.com,m
607,Ayaan Pratap,Rajasthan,Jaipur,10-03-2022,30-06-1972,10-03-2022,null,m
608,Anudeep Gupta,Nagaland,Kohima,30-10-2020,17-09-1962,30-10-2020,anudeep.gupta@yahoo.com,f
609,Anudeep Verma,Karnataka,Bangalore,01-03-2020,null,01-03-2020,anudeep.verma@yahoo.com,null
610,Bhutekar Jain,Nagaland,null,20-08-2021,02-03-1990,20-08-2021,null,m
611,Aarav Sharma,Gujarat,Ahmedabad,03-06-2020,03-12-1973,03-06-2020,aarav.sharma@outlook.com,f
612,Sai Verma,Delhi,New Delhi,01-09-2018,16-03-1993,01-09-2018,null,m
613,Shakshi Pratap,Tamil Nadu,Chennai,06-12-2021,30-05-1955,06-12-2021,shakshi.pratap@outlook.com,f
614,Mala Sagar,Nagaland,Kohima,06-01-2019,31-10-1988,06-01-2019,mala.sagar@yahoo.com,f
615,Bhutekar Patel,Delhi,New Delhi,14-10-2019,null,14-10-2019,bhutekar.patel@gmail.com,m
616,Sai Mehta,null,Chennai,01-08-2019,28-06-1994,01-08-2019,sai.mehta@gmail.com,m
617,Arjun Jain,Gujarat,Ahmedabad,09-09-2023,11-06-1993,09-09-2023,arjun.jain@gmail.com,null
618,Shakshi Gupta,Madhya Pradesh,Indore,null,13-07-1989,null,shakshi.gupta@outlook.com,m
619,Ekta Chauhan,Delhi,New Delhi,29-09-2018,23-07-1972,29-09-2018,ekta.chauhan@yahoo.com,m
620,Aditya Jain,Rajasthan,Jaipur,16-11-2018,20-04-1974,16-11-2018,aditya.jain@gmail.com,null
621,Bhutekar Gupta,Maharashtra,Pune,null,31-01-1990,null,bhutekar.gupta@yahoo.com,f
622,Bhutekar Verma,Maharashtra,Mumbai,08-07-2020,25-08-1950,08-07-2020,bhutekar.verma@outlook.com,m
623,Vihaan Pratap,Delhi,New Delhi,30-04-2023,30-09-1955,30-04-2023,vihaan.pratap@outlook.com,m
624,Aditya Sagar,Rajasthan,Jaipur,01-04-2023,22-06-1957,01-04-2023,aditya.sagar@outlook.com,m
625,Mala Nair,Karnataka,Bangalore,29-12-2019,25-02-1951,29-12-2019,mala.nair@yahoo.com,f
626,Reyansh Nair,Madhya Pradesh,Indore,07-08-2022,06-01-1964,07-08-2022,reyansh.nair@gmail.com,m
627,Vivaan Jain,Uttar Pradesh,Lucknow,01-10-2023,28-03-1978,01-10-2023,null,f
628,Arjun Pratap,Madhya Pradesh,Indore,05-09-2020,13-09-1964,05-09-2020,arjun.pratap@outlook.com,f
629,Arjun Jain,Delhi,New Delhi,14-05-2021,30-07-2004,14-05-2021,arjun.jain@outlook.com,m
630,Aarav Sagar,Delhi,New Delhi,19-03-2019,17-08-1960,19-03-2019,aarav.sagar@yahoo.com,f
631,Ekta Sharma,Tamil Nadu,Chennai,14-02-2018,29-10-1964,14-02-2018,null,f
632,Arjun Mehta,Karnataka,Bangalore,19-12-2019,21-03-1962,19-12-2019,arjun.mehta@gmail.com,f
633,null,Tamil Nadu,Chennai,21-07-2022,27-06-1966,21-07-2022,null@outlook.com,m
634,Bhutekar Chauhan,West Bengal,Kolkata,19-07-2020,29-07-1998,19-07-2020,bhutekar.chauhan@yahoo.com,m
635,Sai Gupta,Delhi,null,23-12-2021,20-06-1966,23-12-2021,sai.gupta@yahoo.com,f
636,Anudeep Gupta,Maharashtra,Pune,27-03-2023,22-07-1954,27-03-2023,anudeep.gupta@yahoo.com,m
637,Shakshi Chauhan,Maharashtra,null,10-10-2022,28-07-1988,10-10-2022,shakshi.chauhan@gmail.com,f
638,Anudeep Pratap,Nagaland,Kohima,01-08-2019,16-12-1965,01-08-2019,anudeep.pratap@gmail.com,m
639,Shakshi Jain,West Bengal,Kolkata,08-08-2022,16-12-1961,08-08-2022,shakshi.jain@gmail.com,f
640,Bhutekar Pratap,null,Chennai,18-12-2022,null,18-12-2022,bhutekar.pratap@outlook.com,m
641,null,null,null,null,19-04-1957,null,null@yahoo.com,m
642,Sai Mehta,Nagaland,null,14-01-2021,09-06-1950,14-01-2021,sai.mehta@outlook.com,f
643,Sai Pratap,West Bengal,Kolkata,24-12-2018,14-12-1974,24-12-2018,sai.pratap@gmail.com,f
644,Reyansh Gupta,Rajasthan,Jaipur,04-02-2019,null,04-02-2019,reyansh.gupta@outlook.com,f
645,Vivaan Pratap,Tamil Nadu,Chennai,21-10-2023,null,21-10-2023,vivaan.pratap@outlook.com,f
646,null,Tamil Nadu,Chennai,03-07-2022,null,03-07-2022,null@yahoo.com,f
647,Bhutekar Reddy,null,Chennai,01-03-2018,14-12-1988,01-03-2018,bhutekar.reddy@yahoo.com,m
648,null,Gujarat,Ahmedabad,26-01-2018,01-07-1992,26-01-2018,null@yahoo.com,f
649,Vivaan Jain,null,Jaipur,19-01-2021,27-10-1969,19-01-2021,vivaan.jain@outlook.com,m
650,null,Uttar Pradesh,Lucknow,03-06-2018,16-11-1977,03-06-2018,null@yahoo.com,m
651,Vivaan Nair,Maharashtra,Pune,28-06-2022,20-01-1950,28-06-2022,vivaan.nair@outlook.com,f
652,null,Uttar Pradesh,Lucknow,21-07-2022,13-02-1981,21-07-2022,null@gmail.com,m
653,Bhutekar Sagar,Karnataka,Bangalore,23-06-2019,23-01-1985,23-06-2019,bhutekar.sagar@yahoo.com,f
654,Ayaan Reddy,West Bengal,null,19-02-2019,10-06-1999,19-02-2019,ayaan.reddy@yahoo.com,f
655,Bhutekar Reddy,Gujarat,Ahmedabad,16-05-2020,03-05-2003,16-05-2020,bhutekar.reddy@gmail.com,m
656,Anudeep Pratap,Karnataka,null,null,24-05-1973,null,anudeep.pratap@yahoo.com,f
657,Ayaan Sagar,null,Bangalore,21-02-2019,07-03-1968,21-02-2019,ayaan.sagar@gmail.com,m
658,null,Delhi,New Delhi,null,11-12-1951,null,null@gmail.com,f
659,Mala Mehta,Uttar Pradesh,Lucknow,21-01-2022,22-08-1955,21-01-2022,mala.mehta@yahoo.com,f
660,Shakshi Sharma,null,Chennai,16-07-2021,17-04-1963,16-07-2021,shakshi.sharma@yahoo.com,null
661,Shakshi Pratap,null,Pune,13-07-2018,20-12-1970,13-07-2018,shakshi.pratap@outlook.com,f
662,null,Uttar Pradesh,Lucknow,10-10-2020,21-07-1974,10-10-2020,null@outlook.com,m
663,Shakshi Nair,Gujarat,Ahmedabad,08-11-2021,16-11-2005,08-11-2021,shakshi.nair@gmail.com,f
664,Vivaan Nair,Delhi,null,27-06-2023,30-10-1988,27-06-2023,null,m
665,Vihaan Reddy,Karnataka,Bangalore,03-06-2018,03-04-1979,03-06-2018,vihaan.reddy@yahoo.com,f
666,Reyansh Verma,West Bengal,Kolkata,15-12-2023,28-05-1956,15-12-2023,reyansh.verma@gmail.com,m
667,Vihaan Gupta,Delhi,New Delhi,17-01-2018,06-11-1956,17-01-2018,vihaan.gupta@yahoo.com,m
668,null,West Bengal,Kolkata,03-04-2018,15-11-1955,03-04-2018,null@yahoo.com,f
669,null,Maharashtra,Mumbai,30-03-2018,13-07-1978,30-03-2018,null@gmail.com,null
670,Aditya Sagar,null,Pune,19-05-2019,27-11-1970,19-05-2019,aditya.sagar@outlook.com,f
671,Vivaan Chauhan,Uttar Pradesh,Lucknow,26-12-2021,05-08-1975,26-12-2021,vivaan.chauhan@yahoo.com,f
672,Bhutekar Sagar,Karnataka,Bangalore,19-12-2023,23-06-1988,19-12-2023,bhutekar.sagar@gmail.com,f
673,Bhutekar Mehta,Madhya Pradesh,Indore,04-05-2019,03-12-1976,04-05-2019,bhutekar.mehta@gmail.com,null
674,Aditya Reddy,Madhya Pradesh,Indore,02-10-2019,08-05-1950,02-10-2019,null,m
675,Arjun Patel,Nagaland,Kohima,22-05-2021,25-12-1954,22-05-2021,arjun.patel@gmail.com,f
676,Ayaan Nair,Nagaland,Kohima,06-02-2019,30-04-1993,06-02-2019,ayaan.nair@outlook.com,f
677,Arjun Sagar,Nagaland,Kohima,01-09-2018,null,01-09-2018,arjun.sagar@gmail.com,f
678,null,Uttar Pradesh,Lucknow,09-10-2021,10-06-1988,09-10-2021,null@gmail.com,m
679,Sai Reddy,Madhya Pradesh,Indore,24-07-2018,27-02-1964,24-07-2018,sai.reddy@yahoo.com,f
680,null,West Bengal,Kolkata,18-01-2021,null,18-01-2021,null,f
681,Aditya Verma,Nagaland,Kohima,25-09-2020,30-05-1978,25-09-2020,aditya.verma@gmail.com,m
682,Vivaan Gupta,Delhi,New Delhi,16-09-2020,16-02-1972,16-09-2020,vivaan.gupta@gmail.com,m
683,Shakshi Chauhan,Maharashtra,Mumbai,25-10-2018,18-10-1953,25-10-2018,shakshi.chauhan@outlook.com,f
684,null,Tamil Nadu,Chennai,23-08-2018,15-07-1979,23-08-2018,null@gmail.com,m
685,null,Rajasthan,null,29-05-2021,15-01-1958,29-05-2021,null@outlook.com,f
686,Ekta Chauhan,West Bengal,Kolkata,15-11-2021,13-08-1987,15-11-2021,ekta.chauhan@gmail.com,m
687,Reyansh Nair,Maharashtra,null,15-12-2023,10-02-1982,15-12-2023,reyansh.nair@gmail.com,f
688,Ayaan Jain,Gujarat,Ahmedabad,24-07-2018,17-12-1955,24-07-2018,null,m
689,Sai Reddy,Madhya Pradesh,Indore,31-01-2020,22-09-1963,31-01-2020,sai.reddy@gmail.com,m
690,null,Tamil Nadu,Chennai,null,06-01-1953,null,null@gmail.com,f
691,Aarav Patel,Madhya Pradesh,Indore,03-03-2018,18-04-2003,03-03-2018,aarav.patel@yahoo.com,f
692,Bhutekar Sagar,Rajasthan,Jaipur,11-05-2020,04-03-1983,11-05-2020,bhutekar.sagar@yahoo.com,m
693,Bhutekar Jain,null,Pune,25-11-2019,12-10-1974,25-11-2019,bhutekar.jain@yahoo.com,m
694,Aditya Gupta,Rajasthan,Jaipur,03-03-2020,14-07-1991,03-03-2020,null,f
695,Vihaan Jain,Madhya Pradesh,Indore,26-09-2018,null,26-09-2018,vihaan.jain@yahoo.com,f
696,Mala Mehta,Madhya Pradesh,Indore,null,26-12-2001,null,null,m
697,Ekta Jain,Uttar Pradesh,Lucknow,13-12-2020,null,13-12-2020,ekta.jain@gmail.com,f
698,Ayaan Pratap,Rajasthan,Jaipur,21-06-2022,05-04-1996,21-06-2022,ayaan.pratap@outlook.com,f
699,Reyansh Reddy,Delhi,New Delhi,04-02-2023,04-04-2000,04-02-2023,null,f
700,Sai Pratap,Delhi,New Delhi,08-05-2020,29-08-2002,08-05-2020,sai.pratap@outlook.com,m
701,Aditya Jain,Karnataka,Bangalore,22-07-2023,13-07-1987,22-07-2023,aditya.jain@gmail.com,f
702,Ayaan Gupta,Maharashtra,Mumbai,21-01-2018,13-04-1999,21-01-2018,ayaan.gupta@gmail.com,f
703,Mala Reddy,Uttar Pradesh,Lucknow,06-02-2021,27-06-1961,06-02-2021,mala.reddy@outlook.com,f
704,Ekta Reddy,Uttar Pradesh,Lucknow,02-01-2022,10-12-2000,02-01-2022,ekta.reddy@outlook.com,null
705,Vihaan Nair,Karnataka,Bangalore,15-06-2023,03-02-1967,15-06-2023,vihaan.nair@outlook.com,m
706,Reyansh Jain,Maharashtra,Mumbai,29-11-2021,15-05-1951,29-11-2021,reyansh.jain@gmail.com,f
707,Ayaan Mehta,Madhya Pradesh,Indore,28-02-2021,14-06-1982,28-02-2021,ayaan.mehta@yahoo.com,m
708,Arjun Reddy,null,New Delhi,06-02-2019,null,06-02-2019,null,m
709,null,Delhi,New Delhi,16-01-2019,13-06-1980,16-01-2019,null@yahoo.com,m
710,Anudeep Gupta,Rajasthan,Jaipur,01-06-2022,29-12-1971,01-06-2022,anudeep.gupta@yahoo.com,null
711,Vivaan Chauhan,Karnataka,Bangalore,null,16-12-1978,null,vivaan.chauhan@yahoo.com,m
712,Sai Chauhan,Uttar Pradesh,Lucknow,01-03-2018,21-07-1985,01-03-2018,null,f
713,Mala Verma,Gujarat,Ahmedabad,26-02-2020,null,26-02-2020,mala.verma@gmail.com,m
714,Shakshi Sharma,null,Ahmedabad,21-08-2018,01-09-1990,21-08-2018,shakshi.sharma@yahoo.com,f
715,null,null,Indore,null,09-03-1978,null,null@yahoo.com,f
716,Mala Sharma,West Bengal,Kolkata,24-05-2023,07-04-1999,24-05-2023,mala.sharma@yahoo.com,m
717,Vihaan Reddy,West Bengal,Kolkata,30-07-2019,04-02-1993,30-07-2019,null,m
718,Aarav Reddy,Karnataka,Bangalore,18-03-2020,15-06-1990,18-03-2020,null,m
719,Ekta Sagar,Tamil Nadu,Chennai,04-05-2018,29-11-2000,04-05-2018,ekta.sagar@outlook.com,m
720,Bhutekar Gupta,Rajasthan,null,07-01-2020,15-07-1956,07-01-2020,bhutekar.gupta@yahoo.com,f
721,Vihaan Verma,Maharashtra,Pune,14-02-2019,26-02-1978,14-02-2019,vihaan.verma@yahoo.com,m
722,Mala Reddy,null,Kohima,12-04-2023,11-05-1977,12-04-2023,mala.reddy@gmail.com,m
723,Sai Patel,West Bengal,Kolkata,15-10-2019,23-12-1998,15-10-2019,sai.patel@gmail.com,m
724,Aditya Nair,null,Lucknow,13-08-2023,09-07-1975,13-08-2023,aditya.nair@outlook.com,f
725,Arjun Gupta,Rajasthan,Jaipur,03-03-2020,null,03-03-2020,arjun.gupta@gmail.com,f
726,null,Karnataka,Bangalore,null,15-09-2000,null,null@gmail.com,m
727,null,Uttar Pradesh,Lucknow,27-04-2023,29-06-2005,27-04-2023,null,f
728,Reyansh Pratap,Rajasthan,Jaipur,14-12-2022,26-08-1992,14-12-2022,reyansh.pratap@yahoo.com,f
729,Ayaan Sagar,Karnataka,Bangalore,01-12-2018,08-12-1994,01-12-2018,ayaan.sagar@outlook.com,m
730,Ayaan Mehta,Delhi,New Delhi,01-04-2022,null,01-04-2022,ayaan.mehta@outlook.com,f
731,Shakshi Sharma,Tamil Nadu,Chennai,19-09-2020,06-05-1976,19-09-2020,shakshi.sharma@yahoo.com,m
732,Anudeep Sharma,Madhya Pradesh,Indore,28-12-2020,11-05-1998,28-12-2020,anudeep.sharma@yahoo.com,m
733,Anudeep Gupta,Nagaland,null,09-01-2022,null,09-01-2022,anudeep.gupta@gmail.com,f
734,Ekta Sharma,Karnataka,Bangalore,26-10-2023,17-02-1958,26-10-2023,ekta.sharma@yahoo.com,f
735,null,Tamil Nadu,Chennai,null,30-01-1958,null,null@gmail.com,m
736,Ayaan Pratap,West Bengal,Kolkata,28-06-2020,25-04-1987,28-06-2020,ayaan.pratap@gmail.com,f
737,Vivaan Jain,Gujarat,null,26-07-2020,30-11-1991,26-07-2020,vivaan.jain@gmail.com,m
738,Ekta Nair,Nagaland,null,24-09-2023,20-11-1989,24-09-2023,ekta.nair@outlook.com,m
739,Ayaan Verma,Tamil Nadu,Chennai,19-12-2018,03-02-2002,19-12-2018,ayaan.verma@outlook.com,m
740,Ekta Jain,West Bengal,Kolkata,28-08-2020,null,28-08-2020,ekta.jain@yahoo.com,f
741,Vivaan Jain,Tamil Nadu,Chennai,02-07-2021,17-06-1976,02-07-2021,vivaan.jain@outlook.com,m
742,Arjun Reddy,Uttar Pradesh,Lucknow,null,12-12-1967,null,arjun.reddy@outlook.com,m
743,Aarav Mehta,Tamil Nadu,Chennai,24-04-2022,null,24-04-2022,aarav.mehta@outlook.com,f
744,Aarav Sagar,Delhi,New Delhi,11-05-2021,28-09-2003,11-05-2021,null,f
745,Aditya Gupta,Delhi,New Delhi,29-09-2019,29-04-1969,29-09-2019,aditya.gupta@gmail.com,f
746,Sai Sharma,Madhya Pradesh,Indore,05-01-2022,04-06-1981,05-01-2022,sai.sharma@outlook.com,m
747,Arjun Gupta,Madhya Pradesh,Indore,18-06-2023,29-03-1988,18-06-2023,arjun.gupta@outlook.com,f
748,Mala Verma,Nagaland,Kohima,null,17-08-1961,null,mala.verma@gmail.com,f
749,Reyansh Verma,Gujarat,Ahmedabad,21-02-2021,03-01-1980,21-02-2021,reyansh.verma@gmail.com,f
750,Arjun Nair,Uttar Pradesh,Lucknow,13-12-2022,29-03-1956,13-12-2022,arjun.nair@yahoo.com,f
751,Vihaan Verma,Delhi,New Delhi,24-02-2019,null,24-02-2019,vihaan.verma@outlook.com,f
752,Aditya Jain,Rajasthan,Jaipur,29-06-2023,09-06-1971,29-06-2023,aditya.jain@yahoo.com,m
753,Ekta Pratap,West Bengal,Kolkata,03-01-2022,19-06-2000,03-01-2022,ekta.pratap@gmail.com,m
754,Aarav Chauhan,Delhi,New Delhi,20-10-2020,null,20-10-2020,aarav.chauhan@gmail.com,f
755,Arjun Sagar,Gujarat,Ahmedabad,29-10-2018,24-07-1967,29-10-2018,arjun.sagar@gmail.com,null
756,Sai Reddy,West Bengal,Kolkata,01-07-2022,null,01-07-2022,sai.reddy@outlook.com,f
757,null,Rajasthan,null,02-02-2020,03-07-1990,02-02-2020,null@gmail.com,m
758,Aditya Nair,Nagaland,Kohima,05-08-2020,08-07-2001,05-08-2020,aditya.nair@yahoo.com,f
759,Arjun Pratap,Delhi,New Delhi,14-06-2023,14-10-2001,14-06-2023,arjun.pratap@yahoo.com,f
760,Ayaan Reddy,Nagaland,Kohima,null,28-01-1994,null,ayaan.reddy@outlook.com,m
761,Vivaan Reddy,Tamil Nadu,Chennai,21-08-2018,02-08-1974,21-08-2018,vivaan.reddy@yahoo.com,f
762,null,Madhya Pradesh,Indore,15-10-2020,08-01-2004,15-10-2020,null@yahoo.com,f
763,Arjun Mehta,null,Chennai,03-05-2022,03-03-1967,03-05-2022,arjun.mehta@gmail.com,f
764,Shakshi Sharma,Gujarat,Ahmedabad,08-02-2020,01-09-1980,08-02-2020,shakshi.sharma@gmail.com,null
765,Aditya Gupta,Karnataka,Bangalore,15-11-2021,null,15-11-2021,aditya.gupta@outlook.com,f
766,Aditya Mehta,Rajasthan,Jaipur,11-03-2020,21-04-1981,11-03-2020,aditya.mehta@gmail.com,m
767,Arjun Verma,Nagaland,Kohima,09-01-2021,null,09-01-2021,arjun.verma@gmail.com,f
768,Sai Gupta,Nagaland,Kohima,16-11-2021,null,16-11-2021,sai.gupta@yahoo.com,m
769,Anudeep Chauhan,Madhya Pradesh,Indore,03-04-2021,06-11-1953,03-04-2021,anudeep.chauhan@yahoo.com,f
770,Sai Nair,Uttar Pradesh,Lucknow,26-10-2019,09-12-1956,26-10-2019,sai.nair@outlook.com,m
771,Mala Nair,Rajasthan,Jaipur,27-10-2023,07-12-1962,27-10-2023,mala.nair@yahoo.com,null
772,Sai Pratap,Uttar Pradesh,Lucknow,04-01-2021,18-02-1986,04-01-2021,sai.pratap@gmail.com,m
773,Aditya Verma,Rajasthan,Jaipur,30-01-2021,null,30-01-2021,aditya.verma@outlook.com,f
774,null,Gujarat,Ahmedabad,21-10-2019,25-09-1983,21-10-2019,null@outlook.com,f
775,Mala Jain,Uttar Pradesh,Lucknow,15-09-2021,21-08-1986,15-09-2021,mala.jain@yahoo.com,m
776,Reyansh Nair,Tamil Nadu,null,31-01-2020,29-05-1999,31-01-2020,reyansh.nair@yahoo.com,null
777,Reyansh Nair,Tamil Nadu,Chennai,null,10-09-1950,null,reyansh.nair@yahoo.com,f
778,Sai Sagar,West Bengal,Kolkata,18-03-2018,09-03-1988,18-03-2018,sai.sagar@outlook.com,m
779,Mala Chauhan,null,Chennai,20-11-2023,05-05-2004,20-11-2023,mala.chauhan@yahoo.com,m
780,Ayaan Patel,Uttar Pradesh,Lucknow,16-04-2020,null,16-04-2020,null,m
781,Ekta Chauhan,Gujarat,Ahmedabad,25-12-2021,12-04-1992,25-12-2021,ekta.chauhan@gmail.com,f
782,null,Tamil Nadu,Chennai,02-09-2021,01-11-1970,02-09-2021,null@gmail.com,f
783,Mala Gupta,Delhi,null,16-03-2023,08-04-1966,16-03-2023,mala.gupta@outlook.com,f
784,Sai Reddy,null,Ahmedabad,29-01-2018,13-08-1988,29-01-2018,sai.reddy@outlook.com,f
785,Mala Patel,Delhi,New Delhi,25-12-2022,09-07-1982,25-12-2022,mala.patel@outlook.com,null
786,Vihaan Gupta,Rajasthan,Jaipur,20-04-2018,05-02-1986,20-04-2018,vihaan.gupta@gmail.com,f
787,Ekta Sharma,Delhi,New Delhi,07-11-2023,18-09-1962,07-11-2023,null,f
788,Vivaan Verma,Nagaland,Kohima,16-11-2023,08-05-1994,16-11-2023,vivaan.verma@outlook.com,f
789,Vihaan Pratap,Madhya Pradesh,Indore,null,29-12-1973,null,vihaan.pratap@outlook.com,m
790,Sai Reddy,Nagaland,Kohima,16-09-2022,20-05-2002,16-09-2022,sai.reddy@yahoo.com,m
791,Vivaan Nair,Gujarat,Ahmedabad,04-07-2022,08-05-1988,04-07-2022,vivaan.nair@outlook.com,m
792,Anudeep Chauhan,Maharashtra,Pune,05-05-2020,21-07-1971,05-05-2020,null,f
793,Vivaan Nair,null,Chennai,03-09-2020,25-08-1994,03-09-2020,null,null
794,Reyansh Sharma,Rajasthan,Jaipur,22-08-2022,03-02-2002,22-08-2022,reyansh.sharma@yahoo.com,f
795,Aarav Pratap,Maharashtra,Pune,02-06-2021,26-05-1958,02-06-2021,null,m
796,Vihaan Sagar,Gujarat,Ahmedabad,04-11-2018,09-05-1985,04-11-2018,vihaan.sagar@gmail.com,null
797,Anudeep Pratap,null,Lucknow,28-10-2018,14-08-1959,28-10-2018,anudeep.pratap@yahoo.com,f
798,Mala Sharma,Delhi,New Delhi,11-03-2023,null,11-03-2023,mala.sharma@yahoo.com,m
799,Aarav Reddy,Karnataka,Bangalore,23-02-2021,26-03-1968,23-02-2021,aarav.reddy@yahoo.com,m
800,Vihaan Sharma,Nagaland,null,30-07-2022,07-01-1955,30-07-2022,vihaan.sharma@yahoo.com,m
801,Mala Pratap,West Bengal,null,07-06-2019,21-06-1957,07-06-2019,mala.pratap@gmail.com,f
802,Sai Reddy,Delhi,New Delhi,20-05-2019,14-06-1950,20-05-2019,sai.reddy@outlook.com,f
803,Mala Reddy,Rajasthan,Jaipur,22-06-2021,30-09-2005,22-06-2021,mala.reddy@outlook.com,m
804,Anudeep Nair,Nagaland,Kohima,08-03-2020,14-11-1974,08-03-2020,anudeep.nair@gmail.com,f
805,null,Delhi,New Delhi,25-07-2018,08-03-1977,25-07-2018,null@outlook.com,m
806,Bhutekar Sharma,Karnataka,Bangalore,24-02-2022,25-03-1972,24-02-2022,bhutekar.sharma@yahoo.com,null
807,Vihaan Patel,Gujarat,Ahmedabad,22-11-2022,29-04-1981,22-11-2022,vihaan.patel@yahoo.com,m
808,Vivaan Nair,Nagaland,Kohima,28-12-2018,20-12-1982,28-12-2018,vivaan.nair@gmail.com,f
809,Sai Jain,Karnataka,Bangalore,03-07-2023,null,03-07-2023,sai.jain@gmail.com,f
810,Aditya Sharma,Gujarat,Ahmedabad,23-04-2021,16-02-2002,23-04-2021,aditya.sharma@gmail.com,f
811,Sai Patel,Karnataka,Bangalore,30-03-2022,18-09-1997,30-03-2022,sai.patel@gmail.com,m
812,Sai Mehta,null,Ahmedabad,17-10-2022,01-12-2000,17-10-2022,sai.mehta@yahoo.com,m
813,null,Gujarat,Ahmedabad,31-08-2022,13-07-1997,31-08-2022,null,null
814,Bhutekar Gupta,Nagaland,Kohima,30-04-2018,10-06-1951,30-04-2018,bhutekar.gupta@gmail.com,null
815,Aditya Patel,Karnataka,Bangalore,09-12-2022,26-02-1982,09-12-2022,aditya.patel@outlook.com,m
816,Bhutekar Mehta,Delhi,New Delhi,12-12-2019,15-01-1963,12-12-2019,bhutekar.mehta@gmail.com,f
817,Aditya Sagar,Nagaland,Kohima,12-06-2018,25-03-1964,12-06-2018,aditya.sagar@gmail.com,f
818,Reyansh Chauhan,Tamil Nadu,Chennai,29-09-2020,05-02-1998,29-09-2020,reyansh.chauhan@outlook.com,null
819,Aditya Sagar,Gujarat,Ahmedabad,null,02-11-1986,null,aditya.sagar@gmail.com,m
820,Arjun Jain,Tamil Nadu,null,16-06-2021,09-11-1998,16-06-2021,arjun.jain@outlook.com,f
821,Reyansh Jain,Maharashtra,Mumbai,07-12-2020,05-12-1987,07-12-2020,reyansh.jain@gmail.com,f
822,Ekta Jain,West Bengal,Kolkata,11-09-2020,null,11-09-2020,ekta.jain@outlook.com,f
823,Aarav Pratap,Rajasthan,Jaipur,21-10-2023,09-10-1960,21-10-2023,aarav.pratap@gmail.com,m
824,Ekta Gupta,Uttar Pradesh,null,10-10-2020,30-12-1986,10-10-2020,null,null
825,Ekta Patel,Gujarat,Ahmedabad,25-03-2023,28-05-1990,25-03-2023,ekta.patel@outlook.com,f
826,Mala Sharma,Tamil Nadu,null,07-06-2020,11-04-1982,07-06-2020,mala.sharma@yahoo.com,m
827,null,West Bengal,Kolkata,01-12-2018,29-06-1987,01-12-2018,null,null
828,Vivaan Sagar,Tamil Nadu,Chennai,15-08-2020,27-02-1999,15-08-2020,vivaan.sagar@yahoo.com,f
829,Anudeep Nair,Delhi,New Delhi,17-06-2023,null,17-06-2023,anudeep.nair@outlook.com,m
830,Arjun Pratap,Rajasthan,Jaipur,14-05-2022,08-10-1960,14-05-2022,arjun.pratap@yahoo.com,f
831,Anudeep Mehta,West Bengal,Kolkata,02-12-2021,null,02-12-2021,anudeep.mehta@gmail.com,m
832,Shakshi Chauhan,Uttar Pradesh,Lucknow,29-08-2018,28-12-1982,29-08-2018,shakshi.chauhan@gmail.com,f
833,Mala Verma,Uttar Pradesh,Lucknow,05-05-2019,09-11-1959,05-05-2019,mala.verma@gmail.com,f
834,Mala Reddy,Uttar Pradesh,Lucknow,29-09-2018,04-11-1974,29-09-2018,mala.reddy@yahoo.com,m
835,null,Tamil Nadu,Chennai,null,25-10-1982,null,null,m
836,Ayaan Gupta,Madhya Pradesh,Indore,13-06-2021,14-07-1977,13-06-2021,ayaan.gupta@gmail.com,f
837,Vivaan Gupta,null,Kolkata,null,05-06-1986,null,vivaan.gupta@yahoo.com,m
838,Mala Chauhan,null,Kolkata,29-09-2021,23-02-1996,29-09-2021,mala.chauhan@gmail.com,f
839,Ayaan Reddy,Uttar Pradesh,null,29-01-2018,08-09-1956,29-01-2018,ayaan.reddy@yahoo.com,m
840,Aditya Reddy,Delhi,New Delhi,null,09-10-1951,null,aditya.reddy@gmail.com,f
841,Bhutekar Pratap,Rajasthan,Jaipur,27-09-2020,03-05-1950,27-09-2020,bhutekar.pratap@outlook.com,m
842,Reyansh Sagar,Delhi,New Delhi,27-07-2018,08-04-1992,27-07-2018,null,f
843,Sai Jain,Karnataka,Bangalore,12-10-2019,01-08-1998,12-10-2019,sai.jain@gmail.com,null
844,Ayaan Chauhan,Delhi,New Delhi,04-12-2023,11-10-1977,04-12-2023,ayaan.chauhan@gmail.com,f
845,Vihaan Patel,Karnataka,Bangalore,16-12-2019,07-01-1965,16-12-2019,null,f
846,Vivaan Sharma,Maharashtra,Pune,07-09-2019,23-07-1981,07-09-2019,vivaan.sharma@gmail.com,f
847,Reyansh Gupta,West Bengal,Kolkata,null,null,null,reyansh.gupta@outlook.com,f
848,Ayaan Reddy,West Bengal,Kolkata,19-09-2022,24-11-1987,19-09-2022,ayaan.reddy@outlook.com,f
849,Mala Gupta,Madhya Pradesh,Indore,14-11-2019,23-01-1971,14-11-2019,mala.gupta@gmail.com,m
850,Vivaan Sagar,Maharashtra,Mumbai,14-04-2023,12-08-1976,14-04-2023,null,f
851,Ayaan Nair,Gujarat,Ahmedabad,null,19-05-1985,null,ayaan.nair@gmail.com,f
852,Ekta Verma,Gujarat,Ahmedabad,31-01-2018,13-05-1990,31-01-2018,null,m
853,Shakshi Verma,Gujarat,Ahmedabad,null,null,null,shakshi.verma@outlook.com,m
854,null,Tamil Nadu,null,22-02-2019,17-06-1961,22-02-2019,null@outlook.com,f
855,Aarav Nair,Karnataka,Bangalore,23-01-2020,18-11-2002,23-01-2020,aarav.nair@gmail.com,f
856,Shakshi Reddy,Madhya Pradesh,Indore,21-08-2021,14-03-2003,21-08-2021,shakshi.reddy@yahoo.com,f
857,Ayaan Reddy,Gujarat,Ahmedabad,12-10-2020,06-10-1962,12-10-2020,ayaan.reddy@outlook.com,m
858,Sai Pratap,Rajasthan,Jaipur,null,17-07-1950,null,sai.pratap@yahoo.com,m
859,Vihaan Nair,Karnataka,Bangalore,11-10-2019,14-06-1977,11-10-2019,vihaan.nair@yahoo.com,m
860,Reyansh Sharma,Madhya Pradesh,Indore,05-05-2022,20-01-1951,05-05-2022,reyansh.sharma@outlook.com,m
861,Vivaan Reddy,Nagaland,Kohima,02-12-2022,28-12-1998,02-12-2022,vivaan.reddy@yahoo.com,m
862,Bhutekar Verma,Tamil Nadu,Chennai,11-10-2019,14-01-1972,11-10-2019,bhutekar.verma@gmail.com,m
863,Bhutekar Gupta,Rajasthan,Jaipur,31-01-2022,26-02-1973,31-01-2022,bhutekar.gupta@gmail.com,m
864,null,Maharashtra,Mumbai,07-04-2019,13-03-2001,07-04-2019,null@yahoo.com,f
865,Vivaan Mehta,Karnataka,Bangalore,15-01-2019,09-07-1959,15-01-2019,vivaan.mehta@gmail.com,m
866,null,West Bengal,Kolkata,04-12-2020,08-08-1990,04-12-2020,null@outlook.com,m
867,Ekta Pratap,Tamil Nadu,Chennai,22-08-2022,07-11-1983,22-08-2022,ekta.pratap@outlook.com,m
868,Aarav Chauhan,null,Chennai,12-01-2023,25-03-1997,12-01-2023,aarav.chauhan@yahoo.com,f
869,Sai Pratap,Nagaland,Kohima,07-03-2022,07-08-1985,07-03-2022,sai.pratap@yahoo.com,m
870,Ekta Sagar,Maharashtra,Pune,01-02-2021,10-03-1973,01-02-2021,null,m
871,Ayaan Reddy,Uttar Pradesh,Lucknow,28-06-2023,26-11-2003,28-06-2023,ayaan.reddy@gmail.com,m
872,Vihaan Sagar,Tamil Nadu,Chennai,16-03-2022,15-03-1965,16-03-2022,vihaan.sagar@outlook.com,f
873,Shakshi Verma,Rajasthan,Jaipur,05-07-2020,14-05-1985,05-07-2020,shakshi.verma@gmail.com,m
874,null,Nagaland,Kohima,31-10-2022,07-01-1984,31-10-2022,null@yahoo.com,f
875,Ekta Chauhan,West Bengal,Kolkata,23-04-2022,07-07-1997,23-04-2022,ekta.chauhan@yahoo.com,m
876,Anudeep Patel,Rajasthan,Jaipur,30-08-2018,02-05-1961,30-08-2018,anudeep.patel@yahoo.com,f
877,Ekta Jain,Uttar Pradesh,Lucknow,12-05-2023,14-06-1990,12-05-2023,ekta.jain@gmail.com,m
878,Arjun Gupta,Karnataka,Bangalore,24-08-2023,10-06-1991,24-08-2023,arjun.gupta@outlook.com,m
879,Mala Nair,Karnataka,Bangalore,10-06-2022,null,10-06-2022,mala.nair@gmail.com,f
880,Vihaan Verma,Rajasthan,Jaipur,null,14-02-2005,null,vihaan.verma@gmail.com,m
881,Bhutekar Chauhan,Madhya Pradesh,Indore,null,07-09-1958,null,bhutekar.chauhan@gmail.com,m
882,Aarav Reddy,Nagaland,Kohima,22-11-2022,23-01-1999,22-11-2022,aarav.reddy@yahoo.com,m
883,null,Gujarat,Ahmedabad,14-04-2018,06-09-1957,14-04-2018,null@gmail.com,null
884,Ayaan Sagar,Maharashtra,Mumbai,15-09-2019,28-04-1994,15-09-2019,ayaan.sagar@yahoo.com,m
885,Ayaan Sagar,Madhya Pradesh,Indore,24-11-2020,14-02-1970,24-11-2020,ayaan.sagar@outlook.com,f
886,Ekta Verma,Delhi,New Delhi,null,08-08-1971,null,null,f
887,Anudeep Mehta,West Bengal,Kolkata,06-10-2019,07-07-1986,06-10-2019,anudeep.mehta@yahoo.com,m
888,Mala Patel,Nagaland,Kohima,19-11-2018,19-05-1973,19-11-2018,mala.patel@outlook.com,f
889,Vihaan Gupta,Tamil Nadu,Chennai,26-07-2021,29-07-1967,26-07-2021,vihaan.gupta@gmail.com,m
890,Sai Sharma,Nagaland,Kohima,16-04-2021,13-11-2000,16-04-2021,sai.sharma@gmail.com,f
891,Vihaan Verma,Tamil Nadu,Chennai,15-01-2018,09-07-1990,15-01-2018,vihaan.verma@yahoo.com,m
892,Aditya Sharma,West Bengal,Kolkata,11-01-2020,28-12-1966,11-01-2020,aditya.sharma@yahoo.com,f
893,Aarav Pratap,Maharashtra,Mumbai,null,28-06-1965,null,aarav.pratap@outlook.com,f
894,Anudeep Gupta,Tamil Nadu,Chennai,09-07-2022,25-09-1980,09-07-2022,anudeep.gupta@yahoo.com,m
895,Mala Reddy,Nagaland,Kohima,29-08-2022,19-04-1951,29-08-2022,mala.reddy@yahoo.com,f
896,Anudeep Patel,Gujarat,Ahmedabad,14-09-2023,13-01-1971,14-09-2023,anudeep.patel@yahoo.com,f
897,Ayaan Jain,Tamil Nadu,Chennai,29-01-2022,13-09-1955,29-01-2022,ayaan.jain@gmail.com,null
898,Ekta Mehta,Tamil Nadu,Chennai,null,null,null,ekta.mehta@yahoo.com,null
899,Aditya Sharma,null,Kohima,20-12-2023,09-06-1959,20-12-2023,aditya.sharma@outlook.com,null
900,Aarav Jain,Tamil Nadu,null,24-06-2018,11-11-2003,24-06-2018,aarav.jain@gmail.com,m
901,Vivaan Sharma,Rajasthan,Jaipur,06-11-2022,20-02-1978,06-11-2022,null,null
902,Aditya Gupta,Karnataka,Bangalore,10-10-2019,22-09-1986,10-10-2019,null,null
903,null,null,Indore,19-06-2023,27-09-1957,19-06-2023,null@yahoo.com,null
904,Aarav Gupta,Uttar Pradesh,Lucknow,11-04-2019,01-02-1975,11-04-2019,aarav.gupta@outlook.com,m
905,Aarav Chauhan,Delhi,New Delhi,04-03-2021,04-03-1983,04-03-2021,aarav.chauhan@yahoo.com,m
906,Ekta Verma,West Bengal,Kolkata,15-06-2018,null,15-06-2018,ekta.verma@outlook.com,f
907,null,Uttar Pradesh,Lucknow,10-02-2020,19-08-1972,10-02-2020,null@outlook.com,m
908,Arjun Reddy,null,Ahmedabad,10-08-2018,25-04-1981,10-08-2018,null,null
909,Arjun Sharma,Uttar Pradesh,Lucknow,01-08-2023,17-10-2005,01-08-2023,null,f
910,Aarav Nair,Uttar Pradesh,Lucknow,09-03-2020,null,09-03-2020,aarav.nair@yahoo.com,m
911,Ekta Patel,Tamil Nadu,Chennai,null,26-02-1977,null,ekta.patel@gmail.com,m
912,Aditya Mehta,Uttar Pradesh,Lucknow,20-07-2021,28-04-1951,20-07-2021,aditya.mehta@gmail.com,m
913,Ekta Gupta,Gujarat,Ahmedabad,03-09-2019,27-05-1956,03-09-2019,null,f
914,Bhutekar Reddy,Madhya Pradesh,null,15-04-2020,02-12-1962,15-04-2020,null,m
915,Vivaan Jain,Delhi,New Delhi,04-07-2018,28-11-1967,04-07-2018,vivaan.jain@yahoo.com,f
916,Arjun Gupta,West Bengal,Kolkata,25-09-2020,27-06-1965,25-09-2020,arjun.gupta@yahoo.com,m
917,Sai Patel,Gujarat,Ahmedabad,13-05-2023,26-03-1961,13-05-2023,sai.patel@outlook.com,f
918,Anudeep Mehta,Maharashtra,Mumbai,22-06-2021,06-11-1956,22-06-2021,anudeep.mehta@outlook.com,f
919,Reyansh Reddy,Tamil Nadu,Chennai,13-12-2023,02-03-1970,13-12-2023,reyansh.reddy@gmail.com,m
920,Aarav Reddy,Maharashtra,Pune,28-01-2019,18-05-1955,28-01-2019,aarav.reddy@gmail.com,f
921,Shakshi Pratap,Madhya Pradesh,null,24-04-2018,28-06-1985,24-04-2018,shakshi.pratap@yahoo.com,f
922,Arjun Sagar,Delhi,New Delhi,05-11-2018,09-04-2003,05-11-2018,arjun.sagar@outlook.com,m
923,Reyansh Chauhan,Nagaland,Kohima,06-01-2021,27-04-1965,06-01-2021,reyansh.chauhan@yahoo.com,f
924,Shakshi Sharma,West Bengal,Kolkata,07-01-2022,12-04-1993,07-01-2022,shakshi.sharma@outlook.com,null
925,Shakshi Patel,Nagaland,null,12-04-2023,03-05-1975,12-04-2023,shakshi.patel@gmail.com,f
926,Ayaan Verma,Rajasthan,Jaipur,01-08-2019,22-02-1973,01-08-2019,ayaan.verma@outlook.com,m
927,Ayaan Chauhan,Rajasthan,Jaipur,31-07-2018,null,31-07-2018,ayaan.chauhan@yahoo.com,f
928,null,Karnataka,Bangalore,27-12-2020,31-01-1984,27-12-2020,null@outlook.com,f
929,Shakshi Sagar,Tamil Nadu,Chennai,16-03-2022,16-01-1952,16-03-2022,shakshi.sagar@yahoo.com,m
930,Ayaan Mehta,Tamil Nadu,Chennai,23-02-2022,17-03-1960,23-02-2022,ayaan.mehta@outlook.com,null
931,Shakshi Chauhan,Rajasthan,Jaipur,07-11-2019,18-04-1982,07-11-2019,shakshi.chauhan@yahoo.com,f
932,Aditya Sagar,Tamil Nadu,Chennai,12-11-2018,null,12-11-2018,aditya.sagar@gmail.com,null
933,Mala Reddy,Gujarat,Ahmedabad,31-01-2018,01-05-1966,31-01-2018,mala.reddy@yahoo.com,m
934,Anudeep Patel,Madhya Pradesh,Indore,31-07-2020,01-12-1989,31-07-2020,anudeep.patel@yahoo.com,null
935,Mala Sharma,Nagaland,Kohima,08-04-2018,20-12-1989,08-04-2018,mala.sharma@outlook.com,f
936,Reyansh Gupta,Delhi,New Delhi,30-10-2021,26-08-1996,30-10-2021,reyansh.gupta@yahoo.com,f
937,Bhutekar Verma,Tamil Nadu,Chennai,14-03-2019,22-12-1950,14-03-2019,bhutekar.verma@yahoo.com,f
938,Vihaan Sharma,West Bengal,Kolkata,04-06-2019,16-09-1993,04-06-2019,vihaan.sharma@yahoo.com,m
939,Anudeep Nair,Rajasthan,Jaipur,31-05-2020,05-03-1986,31-05-2020,anudeep.nair@outlook.com,m
940,Aarav Gupta,Karnataka,Bangalore,10-02-2022,24-11-1970,10-02-2022,aarav.gupta@yahoo.com,f
941,Ayaan Nair,Tamil Nadu,Chennai,30-10-2023,08-04-1995,30-10-2023,ayaan.nair@gmail.com,m
942,null,Nagaland,Kohima,10-05-2018,09-11-1966,10-05-2018,null@outlook.com,m
943,Reyansh Chauhan,Gujarat,Ahmedabad,15-06-2022,16-01-1964,15-06-2022,reyansh.chauhan@yahoo.com,f
944,Mala Reddy,West Bengal,Kolkata,21-04-2018,null,21-04-2018,mala.reddy@gmail.com,f
945,Vivaan Pratap,West Bengal,Kolkata,25-10-2018,02-08-1957,25-10-2018,vivaan.pratap@yahoo.com,f
946,Anudeep Mehta,Nagaland,Kohima,26-11-2019,01-08-1990,26-11-2019,anudeep.mehta@outlook.com,f
947,Vivaan Sagar,Gujarat,Ahmedabad,null,15-04-1976,null,null,f
948,Vihaan Sagar,Maharashtra,Mumbai,11-08-2022,23-12-1978,11-08-2022,vihaan.sagar@outlook.com,m
949,Sai Verma,Delhi,null,06-11-2019,08-08-1979,06-11-2019,sai.verma@gmail.com,m
950,Sai Jain,Madhya Pradesh,Indore,05-08-2019,03-02-1954,05-08-2019,sai.jain@yahoo.com,null
951,Ayaan Verma,Karnataka,Bangalore,null,null,null,ayaan.verma@gmail.com,f
952,Arjun Jain,Delhi,New Delhi,04-07-2018,18-02-2003,04-07-2018,arjun.jain@yahoo.com,f
953,null,Delhi,New Delhi,21-06-2018,10-09-1977,21-06-2018,null@outlook.com,m
954,Reyansh Pratap,null,Indore,30-05-2022,23-04-1963,30-05-2022,reyansh.pratap@gmail.com,m
955,Aarav Sharma,Karnataka,Bangalore,02-12-2021,04-07-1982,02-12-2021,aarav.sharma@yahoo.com,null
956,null,Nagaland,Kohima,31-10-2019,19-01-1955,31-10-2019,null@gmail.com,m
957,null,West Bengal,Kolkata,15-05-2018,19-12-1956,15-05-2018,null@outlook.com,null
958,null,Nagaland,Kohima,03-09-2020,12-02-1976,03-09-2020,null@yahoo.com,f
959,Mala Chauhan,Nagaland,null,10-07-2019,14-01-1953,10-07-2019,mala.chauhan@outlook.com,null
960,Aarav Mehta,Madhya Pradesh,Indore,06-03-2020,15-04-2003,06-03-2020,aarav.mehta@gmail.com,m
961,null,Maharashtra,Pune,02-03-2019,14-05-1977,02-03-2019,null@yahoo.com,m
962,Anudeep Sagar,Karnataka,null,25-01-2018,null,25-01-2018,null,f
963,Vihaan Nair,Tamil Nadu,Chennai,08-01-2019,29-07-1956,08-01-2019,vihaan.nair@outlook.com,f
964,Shakshi Patel,null,New Delhi,11-02-2021,19-01-1973,11-02-2021,shakshi.patel@yahoo.com,m
965,null,West Bengal,Kolkata,18-02-2021,10-04-1959,18-02-2021,null@gmail.com,f
966,Sai Verma,Tamil Nadu,Chennai,09-01-2018,06-09-1980,09-01-2018,sai.verma@gmail.com,f
967,null,Maharashtra,Pune,23-07-2018,14-06-1984,23-07-2018,null@yahoo.com,f
968,Aarav Pratap,West Bengal,Kolkata,13-06-2018,07-05-1978,13-06-2018,aarav.pratap@outlook.com,m
969,Aarav Jain,Maharashtra,Pune,12-06-2023,02-05-1956,12-06-2023,aarav.jain@yahoo.com,f
970,Ayaan Jain,Rajasthan,Jaipur,26-05-2020,13-12-1959,26-05-2020,null,m
971,Sai Pratap,null,Mumbai,29-07-2018,08-08-1962,29-07-2018,sai.pratap@outlook.com,m
972,Shakshi Sharma,Delhi,New Delhi,29-01-2022,04-07-1976,29-01-2022,shakshi.sharma@outlook.com,m
973,Mala Nair,West Bengal,Kolkata,25-04-2018,11-06-2005,25-04-2018,mala.nair@gmail.com,m
974,Vivaan Reddy,West Bengal,Kolkata,24-12-2023,02-07-1999,24-12-2023,vivaan.reddy@outlook.com,f
975,Ekta Gupta,West Bengal,Kolkata,05-04-2022,15-05-1990,05-04-2022,null,f
976,Aditya Pratap,Madhya Pradesh,Indore,14-11-2018,01-07-1998,14-11-2018,aditya.pratap@yahoo.com,f
977,Mala Jain,Uttar Pradesh,null,07-05-2022,24-08-1988,07-05-2022,mala.jain@yahoo.com,m
978,Vivaan Nair,Uttar Pradesh,null,19-04-2018,27-04-1968,19-04-2018,vivaan.nair@yahoo.com,f
979,null,null,Chennai,27-05-2020,16-05-1970,27-05-2020,null@gmail.com,f
980,Aditya Sagar,Tamil Nadu,Chennai,14-02-2021,null,14-02-2021,aditya.sagar@outlook.com,m
981,Vihaan Reddy,null,Kohima,24-10-2020,05-01-1953,24-10-2020,vihaan.reddy@outlook.com,m
982,Shakshi Nair,Karnataka,Bangalore,null,28-01-1952,null,shakshi.nair@outlook.com,f
983,Vihaan Sagar,Gujarat,Ahmedabad,23-02-2021,11-08-1956,23-02-2021,null,m
984,Vivaan Nair,West Bengal,Kolkata,17-11-2021,09-06-1975,17-11-2021,vivaan.nair@yahoo.com,f
985,Anudeep Chauhan,Delhi,New Delhi,11-10-2021,18-05-2002,11-10-2021,anudeep.chauhan@yahoo.com,f
986,null,Tamil Nadu,Chennai,28-04-2020,15-08-1967,28-04-2020,null@yahoo.com,f
987,Mala Verma,Delhi,null,13-01-2022,02-04-1986,13-01-2022,null,f
988,Aditya Nair,Uttar Pradesh,Lucknow,12-12-2020,10-10-1998,12-12-2020,aditya.nair@gmail.com,f
989,Aarav Sagar,Gujarat,Ahmedabad,18-02-2023,13-06-2000,18-02-2023,aarav.sagar@outlook.com,m
990,null,Madhya Pradesh,Indore,31-07-2023,23-09-1960,31-07-2023,null@outlook.com,f
991,Vihaan Sagar,Delhi,New Delhi,15-04-2018,15-01-1985,15-04-2018,vihaan.sagar@yahoo.com,f
992,Mala Gupta,Rajasthan,Jaipur,25-02-2023,null,25-02-2023,mala.gupta@yahoo.com,f
993,Ayaan Gupta,West Bengal,Kolkata,02-01-2020,02-08-1969,02-01-2020,ayaan.gupta@yahoo.com,f
994,Mala Patel,Rajasthan,Jaipur,08-06-2021,22-05-1974,08-06-2021,mala.patel@outlook.com,m
995,Anudeep Nair,Madhya Pradesh,null,01-08-2018,14-05-1963,01-08-2018,anudeep.nair@yahoo.com,m
996,null,Uttar Pradesh,Lucknow,22-03-2023,19-11-1974,22-03-2023,null@outlook.com,f
997,Aditya Jain,Karnataka,Bangalore,25-04-2021,03-08-1973,25-04-2021,aditya.jain@yahoo.com,m
998,Arjun Nair,Rajasthan,Jaipur,28-04-2019,17-08-1951,28-04-2019,arjun.nair@yahoo.com,f
999,Reyansh Jain,Karnataka,Bangalore,22-11-2018,24-08-1964,22-11-2018,reyansh.jain@gmail.com,f
1000,Mala Sharma,null,Indore,05-09-2023,null,05-09-2023,mala.sharma@outlook.com,f
